time,latitude,longitude,depth,mag,magType,nst,gap,dmin,rms,net,id,updated,place,type,horizontalError,depthError,magError,magNst,status,locationSource,magSource
2020-06-12T02:12:58.000Z,35.7001667,-117.4563333,1.48,1.49,ml,19,91,0.1627,0.18,ci,ci39475784,2020-06-12T02:16:37.152Z,"9km SSW of Searles Valley, CA",earthquake,0.41,0.68,0.156,21,automatic,ci,ci
2020-06-12T02:07:50.830Z,35.6328333,-117.4076667,10.42,1.42,ml,17,159,0.1132,0.14,ci,ci39475776,2020-06-12T02:11:33.120Z,"15km S of Trona, CA",earthquake,0.44,0.83,0.184,21,automatic,ci,ci
2020-06-12T01:57:06.180Z,35.5793333,-117.647,12.99,1.44,ml,17,79,0.1036,0.22,ci,ci39475768,2020-06-12T02:00:53.062Z,"5km SSE of Ridgecrest, CA",earthquake,0.48,1.14,0.195,24,automatic,ci,ci
2020-06-12T01:51:36.620Z,38.1692,-117.94,8.7,1.7,ml,17,94.89,0.051,0.15,nn,nn00747304,2020-06-12T01:59:49.443Z,"28 km SSE of Mina, Nevada",earthquake,,0.7,,,automatic,nn,nn
2020-06-12T01:50:05.608Z,62.3939,-148.1584,22.7,1.7,ml,,,,0.82,ak,ak0207j912uv,2020-06-12T01:53:24.543Z,"68 km NNE of Chickaloon, Alaska",earthquake,,0.2,,,automatic,ak,ak
2020-06-12T01:47:07.590Z,38.8013344,-122.7786636,1.39,0.55,md,7,79,0.01089,0.01,nc,nc73407426,2020-06-12T01:48:43.151Z,"3km NW of The Geysers, CA",earthquake,0.44,1.01,,1,automatic,nc,nc
2020-06-12T01:36:16.670Z,38.1778,-117.7918,11.5,1.5,ml,19,59.72,0.056,0.08,nn,nn00747300,2020-06-12T01:52:29.010Z,"36 km SE of Mina, Nevada",earthquake,,0.9,,,automatic,nn,nn
2020-06-12T01:31:33.840Z,34.3935,-116.4536667,2.34,2.22,ml,50,65,0.1176,0.17,ci,ci39475760,2020-06-12T01:42:53.160Z,"31km N of Yucca Valley, CA",earthquake,0.2,0.85,0.164,26,automatic,ci,ci
2020-06-12T01:31:27.700Z,38.2268,-117.7868,0.3,2,ml,15,71.74,0.048,0.18,nn,nn00747299,2020-06-12T01:37:09.100Z,"33 km ESE of Mina, Nevada",earthquake,,13.9,,,automatic,nn,nn
2020-06-12T01:27:35.320Z,33.1976667,-116.7328333,6.6,0.97,ml,36,35,0.04396,0.21,ci,ci39475752,2020-06-12T01:31:35.888Z,"6km SSE of Lake Henshaw, CA",earthquake,0.28,0.53,0.201,23,automatic,ci,ci
2020-06-12T01:25:45.873Z,59.8283,-151.9518,65.6,1.1,ml,,,,0.29,ak,ak0207j8vt1q,2020-06-12T01:30:09.386Z,"8 km NW of Anchor Point, Alaska",earthquake,,1.8,,,automatic,ak,ak
2020-06-12T01:23:06.670Z,38.1612,-117.9817,0,1.4,ml,10,105.65,0.04,0.34,nn,nn00747296,2020-06-12T01:32:48.378Z,"27 km SSE of Mina, Nevada",earthquake,,2.6,,,automatic,nn,nn
2020-06-12T01:19:22.540Z,38.8056679,-122.7781677,2.29,0.55,md,14,94,0.007831,0.03,nc,nc73407406,2020-06-12T01:44:04.389Z,"4km NNW of The Geysers, CA",earthquake,0.33,0.68,,1,automatic,nc,nc
2020-06-12T01:17:56.703Z,35.84624863,-97.8212204,4.030954361,1.9,ml,25,66.61901855,0.1732302755,0.3889386846,ok,ok2020llxo,2020-06-12T01:21:15.169Z,"10 km E of Kingfisher, Oklahoma",earthquake,2.47869491,1.900972789,,18,automatic,ok,ok
2020-06-12T01:17:31.690Z,38.2012,-117.9643,4.5,2.2,ml,16,85.98,0.019,0.06,nn,nn00747294,2020-06-12T01:24:09.206Z,"24 km SSE of Mina, Nevada",earthquake,,0.3,,,automatic,nn,nn
2020-06-12T01:13:19.878Z,58.2962,-154.7615,19.8,0.6,ml,,,,0.72,ak,ak0207j8t6fn,2020-06-12T01:16:26.402Z,"83 km NNW of Karluk, Alaska",earthquake,,0.3,,,automatic,ak,ak
2020-06-12T01:05:05.140Z,19.3449993,-155.1241608,1.68,1.71,ml,29,130,0.03967,0.23,hv,hv71552687,2020-06-12T01:10:55.060Z,"13 km S of Fern Forest, Hawaii",earthquake,0.41,0.59,0.18,3,automatic,hv,hv
2020-06-12T00:57:28.949Z,60.1358,-152.0612,71.1,1.2,ml,,,,0.68,ak,ak0207j8h71e,2020-06-12T01:07:03.838Z,"23 km WNW of Ninilchik, Alaska",earthquake,,0.6,,,automatic,ak,ak
2020-06-12T00:55:00.950Z,19.1986675,-155.4078369,32.45,2.01,md,32,171,0.03985,0.11,hv,hv71552672,2020-06-12T00:58:21.740Z,"7 km E of P?hala, Hawaii",earthquake,0.73,0.89,0.16,19,automatic,hv,hv
2020-06-12T00:53:26.377Z,-6.7577,-11.7997,10,5.2,mww,,48,2.795,0.62,us,us6000aacm,2020-06-12T01:11:08.040Z,"316 km ENE of Georgetown, Saint Helena",earthquake,8.9,1.9,0.098,10,reviewed,us,us
2020-06-12T00:47:19.160Z,60.5169,-153.4169,16.6,1.3,ml,,,,1.33,ak,ak0207j8f14c,2020-06-12T00:49:58.666Z,"60 km NE of Port Alsworth, Alaska",earthquake,,0.4,,,automatic,ak,ak
2020-06-12T00:44:43.670Z,38.2225,-117.7965,7.3,0.9,ml,9,142.06,0.038,0.03,nn,nn00747291,2020-06-12T01:09:07.588Z,"33 km SE of Mina, Nevada",earthquake,,7.5,,,automatic,nn,nn
2020-06-12T00:41:08.760Z,38.8495,-119.9758,32.6,1.6,ml,8,228.91,0.769,0,nn,nn00747289,2020-06-12T00:44:27.618Z,"9 km S of South Lake Tahoe, California",earthquake,,0.6,,,automatic,nn,nn
2020-06-12T00:35:42.400Z,35.7033333,-117.4998333,10.23,2.29,ml,30,63,0.1374,0.17,ci,ci39475728,2020-06-12T00:46:41.500Z,"11km SW of Searles Valley, CA",earthquake,0.29,0.74,0.104,26,automatic,ci,ci
2020-06-12T00:34:11.120Z,38.7896652,-122.7519989,4.26,0.57,md,8,160,0.01249,0.01,nc,nc73407396,2020-06-12T00:57:05.078Z,"1km NNE of The Geysers, CA",earthquake,0.87,2.13,,1,automatic,nc,nc
2020-06-12T00:33:35.917Z,63.0956,-150.4275,114.8,1.2,ml,,,,0.51,ak,ak0207j8c2du,2020-06-12T00:39:35.039Z,"68 km NNE of Petersville, Alaska",earthquake,,0.8,,,automatic,ak,ak
2020-06-12T00:31:14.295Z,61.8202,-149.4881,26.4,2.9,ml,,,,0.96,ak,ak0207j8blpt,2020-06-12T00:39:34.430Z,"15 km WNW of Fishhook, Alaska",earthquake,,0.3,,,automatic,ak,ak
2020-06-12T00:31:13.707Z,61.8541,-149.8395,16.3,2.7,ml,,,,0.78,ak,ak0207j8bl9a,2020-06-12T01:41:03.685Z,"15 km NE of Willow, Alaska",earthquake,,0.4,,,automatic,ak,ak
2020-06-12T00:31:04.281Z,60.3912,-143.6031,4.9,1.6,ml,,,,1.11,ak,ak0207j8bkir,2020-06-12T00:35:40.832Z,"119 km E of Cordova, Alaska",earthquake,,0.2,,,automatic,ak,ak
2020-06-12T00:29:56.310Z,38.8173332,-122.8203354,2.88,0.32,md,17,48,0.01004,0.01,nc,nc73407391,2020-06-12T00:43:03.997Z,"7km NW of The Geysers, CA",earthquake,0.28,0.87,0.24,2,automatic,nc,nc
2020-06-12T00:28:58.360Z,38.8050003,-122.7955017,3.35,1.19,md,32,38,0.002967,0.03,nc,nc73407386,2020-06-12T01:13:04.186Z,"5km NW of The Geysers, CA",earthquake,0.21,0.4,0.17,7,automatic,nc,nc
2020-06-12T00:21:31.351Z,23.8916,121.8193,10,4.1,mwr,,97,0.348,0.46,us,us6000aac9,2020-06-12T00:39:21.040Z,"23 km ESE of Hualien City, Taiwan",earthquake,4,1.9,0.062,25,reviewed,us,us
2020-06-12T00:06:27.840Z,38.1778,-117.7538,0.1,1.8,ml,20,83.52,0.064,0.29,nn,nn00747285,2020-06-12T00:29:36.208Z,"39 km SE of Mina, Nevada",earthquake,,14.8,,,automatic,nn,nn
2020-06-12T00:05:51.520Z,38.1623,-117.9612,7.8,1.4,ml,15,102.29,0.039,0.13,nn,nn00747283,2020-06-12T00:29:27.930Z,"28 km SSE of Mina, Nevada",earthquake,,1.2,,,automatic,nn,nn
2020-06-12T00:03:10.940Z,37.1348333,-121.5195,6.63,0.95,md,22,37,0.06819,0.1,nc,nc73407381,2020-06-12T01:01:04.106Z,"10km NE of San Martin, CA",earthquake,0.24,0.77,0.249,16,reviewed,nc,nc
2020-06-11T23:58:56.160Z,35.969,-117.473,2.84,1.55,ml,20,98,0.08975,0.18,ci,ci39475680,2020-06-12T00:09:28.000Z,"23km NNW of Searles Valley, CA",earthquake,0.3,1.17,0.143,23,automatic,ci,ci
2020-06-11T23:56:34.460Z,17.8488,-66.8888,13,2.7,md,23,238,0.1267,0.16,pr,pr2020163031,2020-06-12T00:50:36.270Z,"13 km S of Guánica, Puerto Rico",earthquake,0.66,0.45,0.25,15,reviewed,pr,pr
2020-06-11T23:54:18.973Z,37.3621,-98.0412,5,2,mb_lg,,106,0.631,0.75,us,us6000aac2,2020-06-12T00:08:11.040Z,"8 km N of Harper, Kansas",earthquake,1.9,1.9,0.18,8,reviewed,us,us
2020-06-11T23:52:57.429Z,66.2462,-157.1237,11,1,ml,,,,0.88,ak,ak0207hylt2m,2020-06-11T23:59:10.426Z,"69 km NNW of Huslia, Alaska",earthquake,,0.3,,,automatic,ak,ak
2020-06-11T23:51:13.520Z,38.239,-117.7875,6.7,1.5,ml,14,168.58,0.045,0.05,nn,nn00747279,2020-06-12T00:00:22.190Z,"32 km ESE of Mina, Nevada",earthquake,,4.2,,,automatic,nn,nn
2020-06-11T23:50:42.170Z,38.2357,-117.7188,5.5,1,ml,11,128.54,0.034,0.01,nn,nn00747278,2020-06-12T00:00:11.604Z,"38 km ESE of Mina, Nevada",earthquake,,1.4,,,automatic,nn,nn
2020-06-11T23:50:20.252Z,60.0141,-152.8747,98.2,1.7,ml,,,,0.25,ak,ak0207hylasw,2020-06-11T23:57:29.521Z,"64 km WNW of Anchor Point, Alaska",earthquake,,0.5,,,automatic,ak,ak
2020-06-11T23:49:07.525Z,62.6027,-151.2354,80.8,1.5,ml,,,,1.31,ak,ak0207hyl21d,2020-06-11T23:54:06.469Z,"26 km WNW of Petersville, Alaska",earthquake,,0.9,,,automatic,ak,ak
2020-06-11T23:44:48.210Z,39.0823333,-123.4766667,4.94,1.09,md,6,124,0.05123,0.07,nc,nc73407376,2020-06-12T00:26:02.886Z,"12km NW of Boonville, CA",earthquake,0.37,0.76,0.027,3,reviewed,nc,nc
2020-06-11T23:33:35.400Z,35.6873333,-117.5258333,5.07,0.96,ml,13,136,0.1132,0.16,ci,ci39475640,2020-06-11T23:37:09.168Z,"14km SW of Searles Valley, CA",earthquake,0.48,0.9,0.145,13,automatic,ci,ci
2020-06-11T23:32:17.420Z,38.1552,-117.977,2.3,0.5,ml,10,110.06,0.039,0.05,nn,nn00747276,2020-06-11T23:52:10.787Z,"28 km SSE of Mina, Nevada",earthquake,,8.9,,,automatic,nn,nn
2020-06-11T23:30:59.755Z,62.3905,-142.6293,16.5,1.2,ml,,,,0.45,ak,ak0207hyh3hz,2020-06-11T23:35:41.300Z,"20 km E of Nabesna, Alaska",earthquake,,0.3,,,automatic,ak,ak
2020-06-11T23:00:05.249Z,60.4248,-142.9901,18.1,0.9,ml,,,,0.46,ak,ak0207hyajt5,2020-06-11T23:04:43.966Z,"112 km S of McCarthy, Alaska",earthquake,,0.3,,,automatic,ak,ak
2020-06-11T22:59:28.480Z,58.3095,-154.9833333,2.41,-0.34,ml,7,157,0.0442,0.15,av,av70900844,2020-06-12T01:30:57.440Z,"88 km NNW of Karluk, Alaska",earthquake,1.04,0.84,0.274,7,reviewed,av,av
2020-06-11T22:54:27.155Z,60.194,-152.291,87.1,1.1,ml,,,,0.9,ak,ak0207hy0qkb,2020-06-11T23:04:43.369Z,"38 km WNW of Ninilchik, Alaska",earthquake,,0.9,,,automatic,ak,ak
2020-06-11T22:53:17.590Z,35.5261667,-119.7333333,5.26,2.2,ml,22,98,0.207,0.28,ci,ci39475600,2020-06-12T00:13:48.480Z,"28km WNW of Buttonwillow, CA",earthquake,0.54,31.61,0.165,46,reviewed,ci,ci
2020-06-11T22:46:37.890Z,61.5924,-141.5262,1.8,1.7,ml,,,,1.12,ak,ak0207hxz1oa,2020-06-11T22:51:28.779Z,"76 km ENE of McCarthy, Alaska",earthquake,,0.5,,,automatic,ak,ak
2020-06-11T22:43:09.350Z,38.1568,-118.0843,17.3,0.3,ml,9,203.71,0.063,0.05,nn,nn00747271,2020-06-11T22:51:30.204Z,"26 km S of Mina, Nevada",earthquake,,7.7,,,automatic,nn,nn
2020-06-11T22:42:19.860Z,52.0491667,-176.1965,-1.5,-0.18,ml,4,223,0.0312,0.25,av,av70900849,2020-06-12T01:42:32.710Z,"35 km ENE of Adak, Alaska",earthquake,0.77,1.1,0.173,4,reviewed,av,av
2020-06-11T22:33:08.930Z,38.2,-117.7352,12.7,1.1,ml,13,160.4,0.032,0.02,nn,nn00747268,2020-06-11T22:44:51.221Z,"38 km ESE of Mina, Nevada",earthquake,,1.1,,,automatic,nn,nn
2020-06-11T22:29:53.860Z,38.1607,-117.974,14,1.8,ml,18,108.34,0.059,0.11,nn,nn00747266,2020-06-11T22:34:15.019Z,"28 km SSE of Mina, Nevada",earthquake,,0.8,,,automatic,nn,nn
2020-06-11T22:25:00.330Z,38.8183327,-122.7858353,1.18,0.83,md,15,79,0.00647,0.02,nc,nc73407356,2020-06-11T23:00:05.765Z,"5km NNW of The Geysers, CA",earthquake,0.25,0.55,0.21,2,automatic,nc,nc
2020-06-11T22:22:13.150Z,19.2469997,-155.3865051,30.36,2.41,ml,54,139,0.01404,0.13,hv,hv71552367,2020-06-11T22:31:48.040Z,"10 km ENE of P?hala, Hawaii",earthquake,0.54,0.68,3.15,27,automatic,hv,hv
2020-06-11T22:21:53.600Z,38.1812,-117.7508,11.2,1.4,ml,22,77.69,0.045,0.05,nn,nn00747262,2020-06-11T22:25:15.202Z,"38 km SE of Mina, Nevada",earthquake,,1.1,,,automatic,nn,nn
2020-06-11T22:19:58.180Z,19.3171673,-155.2168274,4.68,1.8,md,36,82,0.0365,0.11,hv,hv71552362,2020-06-11T22:23:23.910Z,"14 km S of Volcano, Hawaii",earthquake,0.39,1.23,0.28,24,automatic,hv,hv
2020-06-11T22:16:17.611Z,38.0679,72.4896,125.21,4,mb,,99,0.848,0.91,us,us6000aab2,2020-06-11T22:26:25.040Z,"104 km NE of Khorugh, Tajikistan",earthquake,5.2,8.4,0.26,4,reviewed,us,us
2020-06-11T21:56:33.580Z,32.6621667,-115.7076667,8.24,0.88,ml,12,72,0.02032,0.25,ci,ci39475536,2020-06-11T22:00:17.507Z,"15km NW of Progreso, B.C., MX",earthquake,0.67,0.78,0.132,6,automatic,ci,ci
2020-06-11T21:56:07.600Z,38.146,-118.0235,4,0.7,ml,11,158.46,0.035,0.09,nn,nn00747257,2020-06-11T22:03:10.259Z,"28 km SSE of Mina, Nevada",earthquake,,1.3,,,automatic,nn,nn
2020-06-11T21:53:44.950Z,-29.436,-71.3015,35,4,ml,,189,0.674,0.56,us,us6000aaan,2020-06-11T23:16:55.040Z,"52 km N of La Serena, Chile",earthquake,2.8,2,,,reviewed,us,guc
2020-06-11T21:52:49.991Z,61.422,-150.096,33.1,0.9,ml,,,,0.49,ak,ak0207hxexaf,2020-06-11T21:55:57.070Z,"9 km NW of Point MacKenzie, Alaska",earthquake,,0.4,,,automatic,ak,ak
2020-06-11T21:52:42.640Z,36.2298333,-117.8963333,3.81,0.86,ml,14,172,0.1169,0.18,ci,ci39475528,2020-06-11T21:56:20.482Z,"11km ESE of Olancha, CA",earthquake,0.61,1.11,0.235,6,automatic,ci,ci
2020-06-11T21:51:27.910Z,35.7701667,-117.5888333,6.12,1.9,ml,24,79,0.04602,0.16,ci,ci39475504,2020-06-11T22:02:42.110Z,"17km W of Searles Valley, CA",earthquake,0.24,0.64,0.175,26,automatic,ci,ci
2020-06-11T21:50:54.430Z,54.2,-166.027,5.22,-0.76,ml,5,255,0.01974,0.07,av,av70900854,2020-06-12T01:48:05.760Z,"17 km WNW of Akutan, Alaska",earthquake,1.09,0.42,0.241,3,reviewed,av,av
2020-06-11T21:46:27.600Z,37.52,-118.9886667,3.92,1.19,md,16,166,0.09503,0.04,nc,nc73407331,2020-06-11T22:18:04.123Z,"13km S of Mammoth Lakes, CA",earthquake,0.29,1.25,0.305,13,reviewed,nc,nc
2020-06-11T21:39:31.412Z,68.82,-145.6241,0,1.1,ml,,,,0.69,ak,ak0207hxc3jp,2020-06-11T21:45:44.434Z,"77 km N of Arctic Village, Alaska",earthquake,,0.4,,,automatic,ak,ak
2020-06-11T21:38:15.883Z,38.1288,-118.0956,4.3,1.5,ml,14,165.57,0.178,0.211,nn,nn00747250,2020-06-11T21:42:06.251Z,"29 km S of Mina, Nevada",earthquake,,1.6,0.33,6,reviewed,nn,nn
2020-06-11T21:38:03.130Z,35.641,-117.4128333,7.06,1.61,ml,24,132,0.06764,0.18,ci,ci39475480,2020-06-11T21:41:47.248Z,"14km SSW of Trona, CA",earthquake,0.42,0.76,0.197,24,automatic,ci,ci
2020-06-11T21:36:53.700Z,38.1928,-117.8033,7.8,1.1,ml,11,102.22,0.025,0.02,nn,nn00747249,2020-06-11T21:40:30.710Z,"34 km SE of Mina, Nevada",earthquake,,6.2,,,automatic,nn,nn
2020-06-11T21:35:15.330Z,33.4278333,-116.6158333,8.75,0.51,ml,19,69,0.06766,0.17,ci,ci39475456,2020-06-11T21:38:58.236Z,"15km SSE of Anza, CA",earthquake,0.37,0.73,0.254,14,automatic,ci,ci
2020-06-11T21:31:51.530Z,38.1702,-117.9498,12,1.7,ml,19,80.32,0.023,0.11,nn,nn00747246,2020-06-11T21:37:55.275Z,"28 km SSE of Mina, Nevada",earthquake,,1,,,automatic,nn,nn
2020-06-11T21:29:12.370Z,19.2443333,-155.3861694,30.91,2.25,ml,55,140,0.01268,0.13,hv,hv71552287,2020-06-11T21:54:39.040Z,"10 km ENE of P?hala, Hawaii",earthquake,0.5,0.75,2.14,17,automatic,hv,hv
2020-06-11T21:27:35.820Z,38.1532,-117.8533,11.5,2,ml,17,98.92,0.033,0.05,nn,nn00747242,2020-06-11T21:32:56.288Z,"34 km SE of Mina, Nevada",earthquake,,0.5,,,automatic,nn,nn
2020-06-11T21:23:12.240Z,38.174,-117.9785,7.5,0.4,ml,9,126.18,0.044,0.04,nn,nn00747241,2020-06-11T21:28:50.039Z,"26 km SSE of Mina, Nevada",earthquake,,1,,,automatic,nn,nn
2020-06-11T21:18:14.443Z,59.7312,-135.785,0,1.3,ml,,,,1.24,ak,ak0207hx7k6z,2020-06-11T21:23:08.467Z,"28 km NE of Mosquito Lake, Alaska",earthquake,,0.5,,,automatic,ak,ak
2020-06-11T21:17:00.260Z,39.687,-119.7333,5.4,1.3,ml,9,82.97,0.111,0.09,nn,nn00747239,2020-06-11T21:25:10.871Z,"4 km NNW of Spanish Springs, Nevada",earthquake,,0.9,,,automatic,nn,nn
2020-06-11T21:16:28.860Z,36.2343333,-117.8858333,6.02,1.1,ml,14,173,0.1192,0.17,ci,ci39475432,2020-06-11T21:20:04.507Z,"12km ESE of Olancha, CA",earthquake,0.54,1.6,0.203,11,automatic,ci,ci
2020-06-11T21:14:04.920Z,38.2017,-117.8605,5,1,ml,11,100.27,0.01,0.02,nn,nn00747238,2020-06-11T21:18:10.364Z,"30 km SE of Mina, Nevada",earthquake,,2.7,,,automatic,nn,nn
2020-06-11T21:14:02.480Z,17.9483,-66.8838,13,2.55,md,22,190,0.0272,0.22,pr,pr2020163030,2020-06-11T21:34:51.943Z,"3 km S of Maria Antonia, Puerto Rico",earthquake,0.62,0.32,0.29,17,reviewed,pr,pr
2020-06-11T21:12:46.500Z,19.2040005,-155.4161682,32.04,2.02,md,29,155,0.03771,0.19,hv,hv71552267,2020-06-11T21:16:17.710Z,"6 km E of P?hala, Hawaii",earthquake,0.7,0.96,0.13,10,automatic,hv,hv
2020-06-11T21:11:38.510Z,35.8295,-117.6611667,6.7,1.4,ml,21,73,0.05352,0.13,ci,ci39475424,2020-06-11T21:15:18.091Z,"23km N of Ridgecrest, CA",earthquake,0.2,0.47,0.214,20,automatic,ci,ci
2020-06-11T21:11:23.090Z,38.1722,-118.0205,12.8,1.3,ml,8,171.37,0.024,0.12,nn,nn00747236,2020-06-11T21:16:10.620Z,"25 km SSE of Mina, Nevada",earthquake,,2,,,automatic,nn,nn
2020-06-11T21:09:43.430Z,34.9513333,-119.0613333,16.38,1.22,ml,9,121,0.1547,0.23,ci,ci39475416,2020-06-11T21:13:27.356Z,"12km W of Grapevine, CA",earthquake,0.93,1.98,0.134,12,automatic,ci,ci
2020-06-11T21:07:17.790Z,33.4741667,-116.8001667,5.22,1.77,ml,58,32,0.0381,0.2,ci,ci39475408,2020-06-11T21:18:14.290Z,"7km ENE of Aguanga, CA",earthquake,0.18,0.75,0.137,25,automatic,ci,ci
2020-06-11T21:05:08.270Z,38.1458,-117.958,10.3,1.2,ml,16,100.29,0.056,0.09,nn,nn00747233,2020-06-11T21:08:51.859Z,"30 km SSE of Mina, Nevada",earthquake,,1.1,,,automatic,nn,nn
2020-06-11T20:55:43.080Z,17.938,-67.027,5,2.87,md,19,228,0.0358,0.15,pr,pr2020163029,2020-06-11T21:13:29.879Z,"4 km SSE of La Parguera, Puerto Rico",earthquake,0.47,0.26,0.37,16,reviewed,pr,pr
2020-06-11T20:48:31.850Z,38.1525,-117.9525,13.5,1.3,ml,10,160.08,0.063,0.04,nn,nn00747231,2020-06-11T21:06:11.291Z,"29 km SSE of Mina, Nevada",earthquake,,1.3,,,automatic,nn,nn
2020-06-11T20:46:03.826Z,69.3932,-144.0491,0.1,2.6,ml,,,,0.78,ak,ak0207hws3qu,2020-06-11T20:52:11.407Z,"84 km S of Kaktovik, Alaska",earthquake,,0.5,,,automatic,ak,ak
2020-06-11T20:43:26.820Z,37.4765,-118.7828333,3.05,1.11,md,12,139,0.1191,0.04,nc,nc73407311,2020-06-12T01:02:03.112Z,"13km SW of Toms Place, CA",earthquake,0.86,2.71,0.175,12,reviewed,nc,nc
2020-06-11T20:40:19.340Z,19.2294998,-155.3838348,29.37,1.85,md,18,155,0.01517,0.12,hv,hv71552207,2020-06-11T20:43:37.290Z,"10 km ENE of P?hala, Hawaii",earthquake,0.87,1.36,0.08,3,automatic,hv,hv
2020-06-11T20:36:31.000Z,60.3412,-153.8307,2.9,1.1,ml,,,,0.48,ak,ak02022z386xg,2020-06-11T20:41:18.188Z,"31 km ENE of Port Alsworth, Alaska",earthquake,,0.6,,,automatic,ak,ak
2020-06-11T20:29:46.396Z,59.9552,-151.5982,64.5,1.2,ml,,,,0.47,ak,ak0207hwojrr,2020-06-11T20:35:26.014Z,"7 km E of Happy Valley, Alaska",earthquake,,0.9,,,automatic,ak,ak
2020-06-11T20:26:12.468Z,60.3289,-153.8397,3.5,1,ml,,,,0.47,ak,ak0207hwnu68,2020-06-11T20:30:33.895Z,"29 km ENE of Port Alsworth, Alaska",earthquake,,0.7,,,automatic,ak,ak
2020-06-11T20:23:48.040Z,38.1473,-117.8748,4,1.4,ml,12,89.52,0.003,0,nn,nn00747229,2020-06-11T20:28:12.894Z,"33 km SE of Mina, Nevada",earthquake,,0.6,,,automatic,nn,nn
2020-06-11T20:22:17.910Z,38.1485,-117.9833,16.1,1.5,ml,13,131.79,0.024,0.03,nn,nn00747227,2020-06-11T20:25:32.891Z,"29 km SSE of Mina, Nevada",earthquake,,0.5,,,automatic,nn,nn
2020-06-11T20:20:46.955Z,60.9742,-151.8723,75.2,1.1,ml,,,,0.72,ak,ak0207hwmmij,2020-06-11T20:27:12.132Z,"41 km WSW of Tyonek, Alaska",earthquake,,0.4,,,automatic,ak,ak
2020-06-11T20:16:10.340Z,58.1858333,-155.3291667,0.56,-0.77,ml,5,159,0.02425,0.05,av,av70900839,2020-06-12T01:28:25.860Z,"86 km NW of Karluk, Alaska",earthquake,0.22,0.9,0.223,6,reviewed,av,av
2020-06-11T20:15:35.840Z,19.2486667,-155.3846667,31.22,2.91,ml,60,138,0.01644,0.12,hv,hv71552177,2020-06-11T22:49:06.440Z,"11 km ENE of P?hala, Hawaii",earthquake,0.42,0.48,0.149,36,reviewed,hv,hv
2020-06-11T20:08:54.820Z,54.2215,-166.0701667,4.58,-0.67,ml,5,296,0.05081,0.05,av,av70900834,2020-06-12T00:48:40.700Z,"21 km WNW of Akutan, Alaska",earthquake,0.81,0.6,0.246,4,reviewed,av,av
2020-06-11T20:05:27.705Z,69.3971,-143.7773,0,2.4,ml,,,,1.06,ak,ak0207hwjdak,2020-06-11T20:10:37.117Z,"82 km S of Kaktovik, Alaska",earthquake,,0.4,,,automatic,ak,ak
2020-06-11T19:57:30.860Z,35.5995,-117.396,9.47,1.05,ml,11,158,0.07869,0.14,ci,ci39475360,2020-06-11T20:01:16.857Z,"18km S of Trona, CA",earthquake,0.5,1.43,0.15,14,automatic,ci,ci
2020-06-11T19:50:59.770Z,38.8214989,-122.8108368,2.88,0.55,md,12,99,0.001985,0.03,nc,nc73407296,2020-06-11T20:15:04.954Z,"7km NW of The Geysers, CA",earthquake,0.35,0.97,,1,automatic,nc,nc
2020-06-11T19:48:53.872Z,60.4127,-143.6481,0,2.3,ml,,,,0.75,ak,ak0207hw77ih,2020-06-11T19:53:42.667Z,"116 km E of Cordova, Alaska",earthquake,,0.3,,,automatic,ak,ak
2020-06-11T19:48:45.890Z,38.193,-117.8565,13.7,1.6,ml,17,84.29,0.039,0.09,nn,nn00747223,2020-06-11T19:54:53.170Z,"31 km SE of Mina, Nevada",earthquake,,0.7,,,automatic,nn,nn
2020-06-11T19:46:49.420Z,38.134,-117.9617,11.2,0.6,ml,12,90.99,0.015,0.05,nn,nn00747221,2020-06-11T19:50:29.870Z,"31 km SSE of Mina, Nevada",earthquake,,1.2,,,automatic,nn,nn
2020-06-11T19:46:04.410Z,38.1725,-117.9227,16,1,ml,13,98.77,0.045,0.19,nn,nn00747219,2020-06-11T19:50:09.898Z,"29 km SE of Mina, Nevada",earthquake,,1.3,,,automatic,nn,nn
2020-06-11T19:42:26.340Z,38.144,-117.9758,13.5,1.4,ml,12,107.06,0.025,0.07,nn,nn00747216,2020-06-11T19:46:52.040Z,"29 km SSE of Mina, Nevada",earthquake,,1,,,automatic,nn,nn
2020-06-11T19:42:10.770Z,19.1881676,-155.4649963,33.82,1.87,md,25,199,0.06796,0.13,hv,hv71552137,2020-06-11T19:46:46.130Z,"2 km SE of P?hala, Hawaii",earthquake,0.84,1.06,0.01,4,automatic,hv,hv
2020-06-11T19:35:25.780Z,33.3068333,-116.2145,3.13,0.86,ml,18,199,0.09699,0.23,ci,ci39475352,2020-06-11T19:39:06.473Z,"16km ENE of Borrego Springs, CA",earthquake,0.67,0.51,0.122,20,automatic,ci,ci
2020-06-11T19:29:37.750Z,38.1923,-117.7393,12.3,1.5,ml,22,123.55,0.123,0.1,nn,nn00747214,2020-06-11T19:43:13.863Z,"39 km SE of Mina, Nevada",earthquake,,1.3,,,automatic,nn,nn
2020-06-11T19:28:50.218Z,64.7504,-152.4284,11.2,1.2,ml,,,,0.36,ak,ak0207hw2wwt,2020-06-11T19:32:17.622Z,"49 km SSW of Tanana, Alaska",earthquake,,0.4,,,automatic,ak,ak
2020-06-11T19:27:13.038Z,63.5446,-150.6925,2.2,1.6,ml,,,,0.74,ak,ak0207hw2mbr,2020-06-11T19:30:36.897Z,"51 km E of Denali National Park, Alaska",earthquake,,0.3,,,automatic,ak,ak
2020-06-11T19:18:20.980Z,38.1635,-117.8463,10,1.3,ml,14,94.07,0.026,0.08,nn,nn00747211,2020-06-11T19:30:50.496Z,"34 km SE of Mina, Nevada",earthquake,,1,,,automatic,nn,nn
2020-06-11T19:13:43.960Z,38.1675,-117.7688,7.3,1.2,ml,13,83.98,0.058,0.18,nn,nn00747209,2020-06-11T19:20:02.366Z,"38 km SE of Mina, Nevada",earthquake,,2.6,,,automatic,nn,nn
2020-06-11T19:12:21.470Z,37.6473333,-119.3826667,7.86,1.21,md,12,148,0.2413,0.02,nc,nc73407276,2020-06-12T01:58:03.466Z,"20km ESE of Yosemite Valley, CA",earthquake,0.43,4,0.161,12,reviewed,nc,nc
2020-06-11T19:09:15.310Z,38.18,-117.8555,7.4,1.5,ml,12,71.75,0.013,0.24,nn,nn00747207,2020-06-11T19:14:11.842Z,"32 km SE of Mina, Nevada",earthquake,,1.4,,,automatic,nn,nn
2020-06-11T19:07:49.220Z,52.0783333,-176.1285,-1.17,-0.02,ml,4,195,0.02614,0.08,av,av70900829,2020-06-12T00:45:06.770Z,"41 km ENE of Adak, Alaska",earthquake,0.36,0.42,0.238,4,reviewed,av,av
2020-06-11T19:05:11.410Z,19.1948338,-155.4593353,33.58,2.15,md,37,146,0.06512,0.12,hv,hv71552092,2020-06-11T19:08:33.840Z,"2 km ESE of P?hala, Hawaii",earthquake,0.62,0.78,0.13,18,automatic,hv,hv
2020-06-11T19:02:35.190Z,35.8291667,-117.6626667,6.48,1.06,ml,15,73,0.05462,0.14,ci,ci39475304,2020-06-11T19:06:12.231Z,"23km N of Ridgecrest, CA",earthquake,0.37,0.76,0.172,12,automatic,ci,ci
2020-06-11T19:02:02.170Z,46.0186667,-112.4646667,-2,1.72,ml,12,106,0.064,0.13,mb,mb80435194,2020-06-11T19:27:21.440Z,"5 km ENE of Butte, Montana",quarry blast,0.42,31.61,0.121,5,reviewed,mb,mb
2020-06-11T18:59:50.000Z,34.72466667,-98.479,0,1.8,ml,21,129,0.2492510884,0.54,ok,ok2020lllc,2020-06-11T20:39:02.856Z,"2 km ESE of Medicine Park, Oklahoma",quarry blast,,0.9,0.31,5,reviewed,ok,ok
2020-06-11T18:56:29.990Z,19.1968327,-155.4620056,35.2,2.03,ml,43,149,0.0412,0.14,hv,hv71552087,2020-06-11T19:02:17.680Z,"1 km ESE of P?hala, Hawaii",earthquake,0.64,0.87,5.24,3,automatic,hv,hv
2020-06-11T18:56:03.140Z,44.2908333,-115.1986667,4.1,1.97,ml,11,84,0.923,0.31,mb,mb80435184,2020-06-11T19:32:33.230Z,"22 km WNW of Stanley, Idaho",earthquake,0.75,2.02,0.175,6,reviewed,mb,mb
2020-06-11T18:54:30.350Z,35.6391667,-117.4095,10.59,0.67,ml,10,160,0.1197,0.12,ci,ci39475296,2020-06-11T18:58:21.774Z,"14km S of Trona, CA",earthquake,0.71,0.97,0.114,7,automatic,ci,ci
2020-06-11T18:48:26.850Z,33.5618333,-116.7986667,8.36,0.4,ml,14,130,0.04292,0.11,ci,ci39475288,2020-06-11T18:52:07.149Z,"12km W of Anza, CA",earthquake,0.42,0.54,0.206,7,automatic,ci,ci
2020-06-11T18:47:22.120Z,38.1682,-117.8297,10.5,1.8,ml,24,65.56,0.013,0.12,nn,nn00747203,2020-06-11T18:55:15.360Z,"34 km SE of Mina, Nevada",earthquake,,0.9,,,automatic,nn,nn
2020-06-11T18:41:42.100Z,33.5083333,-116.7848333,6.05,0.23,ml,12,105,0.0694,0.12,ci,ci39475264,2020-06-11T18:45:19.102Z,"10km NE of Aguanga, CA",earthquake,0.5,1.12,0.175,8,automatic,ci,ci
2020-06-11T18:41:33.680Z,19.2141666,-155.4616699,34.25,2.31,ml,50,137,0.049,0.13,hv,hv71552052,2020-06-11T20:05:47.040Z,"2 km NE of P?hala, Hawaii",earthquake,0.54,0.75,3.43,18,automatic,hv,hv
2020-06-11T18:39:49.823Z,61.2242,-150.5001,42.7,1.7,ml,,,,0.46,ak,ak0207hvju5i,2020-06-11T18:42:47.290Z,"31 km WSW of Point MacKenzie, Alaska",earthquake,,1.6,,,automatic,ak,ak
2020-06-11T18:37:10.460Z,32.7111667,-115.7535,9.5,1.48,ml,14,99,0.06577,0.21,ci,ci39475256,2020-06-11T18:41:04.080Z,"20km WSW of El Centro, CA",earthquake,0.56,1.1,0.188,16,automatic,ci,ci
2020-06-11T18:30:56.500Z,38.1888,-117.7813,0.1,1.4,ml,17,53.57,0.053,0.34,nn,nn00747199,2020-06-11T18:36:13.039Z,"36 km SE of Mina, Nevada",earthquake,,19.5,,,automatic,nn,nn
2020-06-11T18:30:37.122Z,59.5097,-152.8752,96.5,1.4,ml,,,,0.38,ak,ak0207hvhvq8,2020-06-11T18:34:05.011Z,"56 km WNW of Nanwalek, Alaska",earthquake,,0.8,,,automatic,ak,ak
2020-06-11T18:28:48.980Z,35.5891667,-117.4266667,2.26,1.44,ml,16,125,0.08169,0.25,ci,ci39475232,2020-06-11T18:32:37.452Z,"20km S of Searles Valley, CA",earthquake,0.53,0.88,0.146,22,automatic,ci,ci
2020-06-11T18:22:30.480Z,54.1513333,-165.9428333,1.77,-1.38,ml,7,118,0.01362,0.28,av,av70900824,2020-06-12T00:40:34.030Z,"11 km W of Akutan, Alaska",earthquake,0.37,0.71,0.185,6,reviewed,av,av
2020-06-11T18:21:59.560Z,31.8573333,-116.6388333,13.71,1.94,ml,16,174,0.02421,0.17,ci,ci39475216,2020-06-11T21:21:59.302Z,"2km SW of Ensenada, B.C., MX",earthquake,0.76,0.5,0.23,13,reviewed,ci,ci
2020-06-11T18:21:43.730Z,19.2011662,-155.41716,32.34,2.28,ml,39,152,0.04064,0.13,hv,hv71552027,2020-06-11T18:27:31.400Z,"6 km E of P?hala, Hawaii",earthquake,0.55,0.8,0.13,3,automatic,hv,hv
2020-06-11T18:21:27.880Z,38.1508,-117.9122,7.4,1.5,ml,16,99.2,0.04,0.11,nn,nn00747197,2020-06-11T18:32:13.763Z,"31 km SSE of Mina, Nevada",earthquake,,0.8,,,automatic,nn,nn
2020-06-11T18:16:22.120Z,38.1883,-117.9355,10.2,0.7,ml,10,91.04,0.014,0.01,nn,nn00747195,2020-06-11T18:22:30.090Z,"27 km SE of Mina, Nevada",earthquake,,1.4,,,automatic,nn,nn
2020-06-11T18:10:20.010Z,35.8593333,-117.6871667,4.92,0.59,ml,12,79,0.08096,0.13,ci,ci39475192,2020-06-11T18:14:05.918Z,"22km ESE of Little Lake, CA",earthquake,0.29,0.62,0.098,6,automatic,ci,ci
2020-06-11T18:08:52.020Z,38.1603,-117.9537,5.8,0.6,ml,8,124.77,0.024,0.02,nn,nn00747194,2020-06-11T18:15:09.569Z,"28 km SSE of Mina, Nevada",earthquake,,0.5,,,automatic,nn,nn
2020-06-11T18:04:18.480Z,37.5085,-118.9906667,2.36,1.25,md,22,172,0.1055,0.07,nc,nc73407266,2020-06-11T19:23:03.577Z,"14km S of Mammoth Lakes, CA",earthquake,0.26,1.57,0.282,17,reviewed,nc,nc
2020-06-11T17:59:55.600Z,38.15,-117.9618,14.9,2,ml,21,99.88,0.014,0.1,nn,nn00747187,2020-06-12T02:02:36.752Z,"29 km SSE of Mina, Nevada",earthquake,,0.5,,,automatic,nn,nn
2020-06-11T17:59:27.751Z,63.1938,-152.4402,9.2,1.2,ml,,,,0.44,ak,ak0207hv2n5z,2020-06-11T18:02:48.362Z,"52 km SW of Denali National Park, Alaska",earthquake,,0.4,,,automatic,ak,ak
2020-06-11T17:59:18.910Z,35.9383333,-117.3091667,4.3,1.08,ml,24,71,0.05173,0.17,ci,ci39475168,2020-06-11T18:45:02.886Z,"20km NNE of Trona, CA",earthquake,0.2,0.5,0.157,11,reviewed,ci,ci
2020-06-11T17:56:27.390Z,38.1453,-117.9665,9.8,1.1,ml,16,104.34,0.004,0.12,nn,nn00747184,2020-06-11T18:00:51.240Z,"29 km SSE of Mina, Nevada",earthquake,,1,,,automatic,nn,nn
2020-06-11T17:55:53.880Z,38.7973328,-122.8134995,3.3,1.61,md,8,120,0.01214,0.02,nc,nc73407256,2020-06-11T18:40:03.300Z,"5km WNW of The Geysers, CA",earthquake,0.65,1.36,,1,automatic,nc,nc
2020-06-11T17:48:01.800Z,38.1502,-117.9953,11.8,1.2,ml,13,109.98,0.047,0.18,nn,nn00747182,2020-06-11T17:55:49.690Z,"28 km SSE of Mina, Nevada",earthquake,,2,,,automatic,nn,nn
2020-06-11T17:43:46.118Z,56.443,-157.057,81.4,2.6,ml,,,,0.49,ak,ak0207huz96h,2020-06-11T18:17:35.040Z,"84 km E of Chignik, Alaska",earthquake,,0.8,,,automatic,ak,ak
2020-06-11T17:39:26.450Z,38.0391667,-118.7668333,4.25,2,md,25,106,0.2958,0.04,nc,nc73407241,2020-06-12T00:29:07.092Z,"29km SE of Bodie, CA",earthquake,0.31,8.47,0.243,26,reviewed,nc,nc
2020-06-11T17:39:01.550Z,33.6708333,-116.7456667,13.94,1.52,ml,28,70,0.04804,0.21,ci,ci39475104,2020-06-12T01:41:40.289Z,"8km SSW of Idyllwild, CA",earthquake,0.39,0.76,0.465,26,automatic,ci,ci
2020-06-11T17:38:39.540Z,35.8266667,-117.6371667,9.44,0.64,ml,11,118,0.03402,0.13,ci,ci39475096,2020-06-11T18:46:18.898Z,"22km WNW of Searles Valley, CA",earthquake,0.41,0.65,0.2,6,reviewed,ci,ci
2020-06-11T17:38:05.540Z,44.7331667,-111.7213333,8.7,0.75,ml,4,203,0.04,0.07,mb,mb80435129,2020-06-11T21:05:41.790Z,"42 km W of Hebgen Lake Estates, Montana",earthquake,0.91,0.46,0.025,2,reviewed,mb,mb
2020-06-11T17:36:38.190Z,33.424,-116.4443333,13.57,0.55,ml,16,105,0.1218,0.14,ci,ci39475112,2020-06-11T22:43:14.784Z,"20km NNW of Borrego Springs, CA",earthquake,0.35,0.79,0.155,3,reviewed,ci,ci
2020-06-11T17:36:34.720Z,38.8064995,-122.793335,1.91,0.54,md,10,64,0.002125,0.01,nc,nc73407236,2020-06-11T17:59:04.029Z,"5km NW of The Geysers, CA",earthquake,0.36,0.82,,1,automatic,nc,nc
2020-06-11T17:36:18.650Z,19.2248325,-155.4233398,31.85,2.24,ml,38,146,0.02748,0.13,hv,hv71551967,2020-06-11T17:42:30.750Z,"6 km ENE of P?hala, Hawaii",earthquake,0.57,0.71,3.02,9,automatic,hv,hv
2020-06-11T17:36:01.430Z,19.1359997,-155.3919983,2.62,2.31,ml,19,228,0.1507,0.21,hv,hv71551952,2020-06-11T17:41:50.670Z,"11 km SE of P?hala, Hawaii",earthquake,2.13,17,2.5,13,automatic,hv,hv
2020-06-11T17:35:56.510Z,19.2213326,-155.4211731,31.78,2.22,ml,34,135,0.02755,0.13,hv,hv71551962,2020-06-11T17:42:10.680Z,"6 km ENE of P?hala, Hawaii",earthquake,0.62,0.85,2.41,14,automatic,hv,hv
2020-06-11T17:34:53.410Z,19.2446671,-155.3821716,32.1,2,md,38,141,0.01614,0.14,hv,hv71551957,2020-06-11T17:38:25.430Z,"11 km ENE of P?hala, Hawaii",earthquake,0.63,0.75,0.14,13,automatic,hv,hv
2020-06-11T17:31:00.850Z,44.2706667,-115.1356667,8.97,2.69,ml,16,81,0.879,0.28,mb,mb80435119,2020-06-11T19:40:51.940Z,"16 km WNW of Stanley, Idaho",earthquake,0.58,1.49,0.213,14,reviewed,mb,mb
2020-06-11T17:27:05.430Z,38.067,-122.2205,7.08,1.97,md,56,58,0.04943,0.1,nc,nc73407231,2020-06-11T23:00:05.397Z,"2km NNW of Crockett, CA",earthquake,0.13,0.27,0.164,47,reviewed,nc,nc
2020-06-11T17:25:06.370Z,38.1575,-117.8357,10.7,1.1,ml,16,76,0.017,0.08,nn,nn00747173,2020-06-11T17:37:11.189Z,"35 km SE of Mina, Nevada",earthquake,,0.8,,,automatic,nn,nn
2020-06-11T17:22:36.610Z,36.1506667,-117.9746667,3.79,0.53,ml,14,213,0.1025,0.1,ci,ci39475048,2020-06-11T18:33:25.569Z,"12km NNW of Coso Junction, CA",earthquake,0.32,0.47,0.049,4,reviewed,ci,ci
2020-06-11T17:22:17.840Z,44.3903333,-115.2185,5.95,2.06,ml,10,83,0.892,0.18,mb,mb80435114,2020-06-11T21:18:37.180Z,"29 km NW of Stanley, Idaho",earthquake,0.49,1.35,0.179,6,reviewed,mb,mb
2020-06-11T17:20:45.920Z,36.1545,-117.973,2.71,1.74,ml,23,69,0.1025,0.16,ci,ci39475040,2020-06-11T18:46:42.380Z,"12km N of Coso Junction, CA",earthquake,0.34,1.16,0.271,22,reviewed,ci,ci
2020-06-11T17:19:14.960Z,33.8001667,-117.6841667,4,1.67,ml,44,49,0.06273,0.23,ci,ci39475024,2020-06-11T17:30:04.340Z,"11km ENE of North Tustin, CA",earthquake,0.28,0.88,0.231,29,automatic,ci,ci
2020-06-11T17:18:47.590Z,19.2128333,-155.4645,34.59,2.73,ml,58,100,0.04808,0.12,hv,hv71551937,2020-06-11T22:57:20.250Z,"1 km NE of P?hala, Hawaii",earthquake,0.43,0.56,0.115,31,reviewed,hv,hv
2020-06-11T17:14:35.250Z,39.4278333,-120.2971667,7.23,1.75,md,10,91,0.0115,0.12,nc,nc73407216,2020-06-12T01:17:15.552Z,"15km NW of Truckee, CA",earthquake,0.36,0.72,0.291,11,reviewed,nc,nc
2020-06-11T17:11:13.960Z,54.119,-165.9776667,3.9,-1.35,ml,6,159,0.009905,0.09,av,av70900819,2020-06-12T00:33:30.620Z,"13 km W of Akutan, Alaska",earthquake,0.66,0.53,0.254,6,reviewed,av,av
2020-06-11T17:11:11.770Z,38.7775002,-122.7581635,1.68,0.84,md,10,65,0.008998,0.02,nc,nc73407211,2020-06-11T17:20:03.664Z,"0km W of The Geysers, CA",earthquake,0.37,0.64,0.07,2,automatic,nc,nc
2020-06-11T17:09:34.620Z,43.143,145.9784,77.94,4.5,mb,,128,2.644,0.71,us,us6000aa2v,2020-06-11T18:03:35.040Z,"38 km ESE of Nemuro, Japan",earthquake,10.6,9.2,0.057,91,reviewed,us,us
2020-06-11T17:08:39.791Z,38.158,-117.9653,2.1,3.3,ml,30,44.18,0.02,0.1113,nn,nn00747164,2020-06-12T02:16:48.914Z,"28 km SSE of Mina, Nevada",earthquake,,0.6,0.54,11,reviewed,nn,nn
2020-06-11T17:05:04.510Z,39.434,-120.2928333,6.59,2.75,md,14,98,0.0166,0.12,nc,nc73407201,2020-06-12T02:16:41.879Z,"15km NW of Truckee, CA",earthquake,0.28,0.71,0.184,31,reviewed,nc,nc
2020-06-11T17:04:58.390Z,38.1683,-117.743,13.4,1.4,ml,11,107.85,0.053,0.04,nn,nn00747160,2020-06-11T17:09:44.377Z,"40 km SE of Mina, Nevada",earthquake,,2,,,automatic,nn,nn
2020-06-11T17:03:09.110Z,38.9194984,-123.0208359,1.79,1.44,md,6,154,0.08409,0.03,nc,nc73407196,2020-06-11T17:27:04.895Z,"13km N of Cloverdale, CA",earthquake,0.7,7.81,0.07,3,automatic,nc,nc
2020-06-11T17:02:24.480Z,33.8241667,-117.4838333,-0.66,0.92,ml,33,64,0.03302,0.24,ci,ci39474968,2020-06-11T17:42:13.544Z,"7km SSE of Home Gardens, CA",quarry blast,0.39,31.61,0.099,19,reviewed,ci,ci
2020-06-11T16:54:32.630Z,60.2707,-151.6954,55.1,1.6,ml,,,,0.39,ak,ak0207hug5dr,2020-06-11T17:02:54.489Z,"17 km WNW of Clam Gulch, Alaska",earthquake,,1,,,automatic,ak,ak
2020-06-11T16:54:32.520Z,35.6256667,-117.4131667,8.67,0.23,ml,7,129,0.05589,0.2,ci,ci39474952,2020-06-11T18:49:39.684Z,"16km S of Trona, CA",earthquake,0.59,1.1,0.044,1,reviewed,ci,ci
2020-06-11T16:50:18.530Z,37.0811667,-121.5095,10.06,0.71,md,14,93,0.04987,0.06,nc,nc73407191,2020-06-11T19:47:07.750Z,"9km E of San Martin, CA",earthquake,0.4,0.59,0.252,12,reviewed,nc,nc
2020-06-11T16:48:42.860Z,54.1231667,-165.979,4.48,-0.85,ml,7,96,0.008684,0.14,av,av70900809,2020-06-12T00:08:18.810Z,"13 km W of Akutan, Alaska",earthquake,0.29,0.6,0.133,7,reviewed,av,av
2020-06-11T16:45:38.760Z,38.1688,-117.809,1,1.3,ml,13,149.67,0.027,0.28,nn,nn00747154,2020-06-11T16:57:29.809Z,"35 km SE of Mina, Nevada",earthquake,,14.1,,,automatic,nn,nn
2020-06-11T16:44:23.820Z,58.2951667,-154.981,2.47,-0.29,ml,8,164,0.04342,0.12,av,av70900814,2020-06-12T00:11:50.970Z,"86 km NNW of Karluk, Alaska",earthquake,0.69,0.69,0.519,8,reviewed,av,av
2020-06-11T16:40:36.800Z,33.4846667,-116.7875,7.75,0.4,ml,21,46,0.02964,0.16,ci,ci39474904,2020-06-11T16:44:25.736Z,"9km ENE of Aguanga, CA",earthquake,0.3,0.8,0.116,10,automatic,ci,ci
2020-06-11T16:39:41.500Z,46.8606666666667,-120.569333333333,16.65,1.26,ml,12,112,0.04888,0.26,uw,uw61640381,2020-06-11T20:07:46.720Z,"15 km S of Ellensburg, Washington",earthquake,0.9,1.27,0.138252328177968,11,reviewed,uw,uw
2020-06-11T16:37:57.180Z,38.1607,-118.057,11,1.1,ml,14,164.34,0.042,0.18,nn,nn00747152,2020-06-11T16:47:10.563Z,"25 km S of Mina, Nevada",earthquake,,3.5,,,automatic,nn,nn
2020-06-11T16:24:29.870Z,37.5268333,-118.8495,-1.84,0.67,md,13,287,0.06513,0.03,nc,nc73407181,2020-06-11T17:00:07.158Z,"15km WSW of Toms Place, CA",earthquake,2.14,0.66,0.205,11,reviewed,nc,nc
2020-06-11T16:22:06.500Z,44.5081667,-115.222,3.75,1.95,ml,13,81,0.802,0.32,mb,mb80435099,2020-06-11T19:47:31.420Z,"39 km NW of Stanley, Idaho",earthquake,0.79,3.1,0.176,9,reviewed,mb,mb
2020-06-11T16:20:59.743Z,61.3994,-150.0771,33.3,1.5,ml,,,,0.57,ak,ak0207hu8x3q,2020-06-11T16:26:22.082Z,"6 km NW of Point MacKenzie, Alaska",earthquake,,0.4,,,automatic,ak,ak
2020-06-11T16:20:48.490Z,38.7956667,-122.4448333,9.15,0.85,md,6,101,0.01033,0.04,nc,nc73407176,2020-06-11T18:23:01.196Z,"10km E of Hidden Valley Lake, CA",earthquake,0.9,0.49,0.236,3,reviewed,nc,nc
2020-06-11T16:19:41.110Z,19.2919998,-155.2661591,5.73,1.85,ml,45,126,0.03926,0.15,hv,hv71551882,2020-06-11T16:25:30.010Z,"17 km SSW of Volcano, Hawaii",earthquake,0.38,0.66,0.22,7,automatic,hv,hv
2020-06-11T16:19:10.700Z,19.2596667,-155.427,3.14,1.06,md,11,189,0.06893,0.13,hv,hv71551877,2020-06-12T00:46:08.390Z,"8 km NE of P?hala, Hawaii",earthquake,0.77,3.43,0.142,5,reviewed,hv,hv
2020-06-11T16:14:24.210Z,38.1757,-117.7127,0.1,1.1,ml,11,98.02,0.061,0.28,nn,nn00747150,2020-06-11T16:29:30.598Z,"42 km SE of Mina, Nevada",earthquake,,20.8,,,automatic,nn,nn
2020-06-11T16:12:18.940Z,37.7987,-116.8195,22.8,1.5,ml,8,233.19,0.979,0.15,nn,nn00747149,2020-06-11T16:15:56.589Z,"38 km ENE of Goldfield, Nevada",earthquake,,1.2,,,automatic,nn,nn
2020-06-11T16:11:45.280Z,38.2067,-117.705,6.5,1,ml,11,128.78,0.042,0.02,nn,nn00747148,2020-06-11T16:15:49.256Z,"40 km ESE of Mina, Nevada",earthquake,,1.7,,,automatic,nn,nn
2020-06-11T16:10:32.520Z,33.95716667,-97.302,13.33,2.51,ml,56,102,0.1070789874,0.36,ok,ok2020llfl,2020-06-11T21:04:37.514Z,"14 km NE of Leon, Oklahoma",earthquake,,1.5,0.27,12,reviewed,ok,ok
2020-06-11T16:07:20.010Z,35.8628333,-117.6818333,9,0.7,ml,20,43,0.08308,0.15,ci,ci39474840,2020-06-11T20:37:32.730Z,"22km ESE of Little Lake, CA",earthquake,0.23,0.57,0.259,10,reviewed,ci,ci
2020-06-11T16:04:35.450Z,19.3705,-155.2171667,2.1,2.25,ml,43,53,0.003629,0.11,hv,hv71551872,2020-06-11T22:06:01.990Z,"8 km SSE of Volcano, Hawaii",earthquake,0.25,0.19,0.175,16,reviewed,hv,hv
2020-06-11T16:01:16.830Z,33.6945,-117.444,4.31,0.9,ml,27,54,0.04772,0.19,ci,ci39474824,2020-06-11T16:05:08.939Z,"11km NW of Lakeland Village, CA",earthquake,0.28,0.57,0.144,20,automatic,ci,ci
2020-06-11T15:56:45.820Z,63.5305,-145.3416,5.3,0.9,ml,,,,0.65,ak,ak0207htv67a,2020-06-11T16:09:36.554Z,"36 km WSW of Dry Creek, Alaska",earthquake,,0.7,,,automatic,ak,ak
2020-06-11T15:56:16.410Z,35.717,-117.5798333,7.92,1.41,ml,26,71,0.09957,0.16,ci,ci39474808,2020-06-11T18:47:48.420Z,"14km NE of Ridgecrest, CA",earthquake,0.27,1.17,0.202,21,reviewed,ci,ci
2020-06-11T15:51:51.900Z,51.899,179.5511667,10.48,1.2,ml,5,250,0.00633,0.16,av,av62178241,2020-06-12T00:01:22.490Z,"262 km W of Adak, Alaska",earthquake,1,0.74,0.025,3,reviewed,av,av
2020-06-11T15:51:26.080Z,37.5736667,-118.818,6.17,1.99,md,22,235,0.01856,0.05,nc,nc73407166,2020-06-11T19:48:02.779Z,"12km W of Toms Place, CA",earthquake,0.37,0.49,0.269,23,reviewed,nc,nc
2020-06-11T15:50:27.270Z,38.8190002,-122.8079987,3.26,0.55,md,10,95,0.004678,0.02,nc,nc73407161,2020-06-11T16:10:03.816Z,"6km NW of The Geysers, CA",earthquake,0.94,1.37,,1,automatic,nc,nc
2020-06-11T15:46:27.450Z,33.498,-116.5053333,8.88,0.46,ml,20,58,0.08101,0.17,ci,ci39474792,2020-06-11T15:49:59.565Z,"17km ESE of Anza, CA",earthquake,0.31,0.95,0.151,9,automatic,ci,ci
2020-06-11T15:46:20.900Z,38.153,-117.9718,12.7,0.9,ml,14,101.04,0.025,0.14,nn,nn00747137,2020-06-11T15:52:50.342Z,"28 km SSE of Mina, Nevada",earthquake,,1.6,,,automatic,nn,nn
2020-06-11T15:45:24.450Z,38.1447,-117.9243,7.9,0.9,ml,10,108.62,0.035,0.02,nn,nn00747135,2020-06-11T15:49:22.763Z,"31 km SSE of Mina, Nevada",earthquake,,0.7,,,automatic,nn,nn
2020-06-11T15:44:55.590Z,32.7096667,-115.764,9.22,1.43,ml,18,84,0.06802,0.23,ci,ci39474800,2020-06-11T20:13:55.769Z,"21km WSW of El Centro, CA",earthquake,0.4,1.04,0.193,21,reviewed,ci,ci
2020-06-11T15:40:26.000Z,33.4195,-116.4035,10.5,0.75,ml,31,75,0.09705,0.19,ci,ci39474784,2020-06-11T18:47:52.100Z,"18km N of Borrego Springs, CA",earthquake,0.31,0.59,0.215,17,reviewed,ci,ci
2020-06-11T15:37:10.550Z,38.1508,-117.9873,7.5,0.3,ml,8,93.61,0.017,0.04,nn,nn00747134,2020-06-11T15:46:48.561Z,"28 km SSE of Mina, Nevada",earthquake,,4.8,,,automatic,nn,nn
2020-06-11T15:32:24.110Z,17.9546,-66.699,6,2.75,md,13,185,0.128,0.17,pr,pr2020163028,2020-06-11T16:50:19.953Z,"4 km SSE of Tallaboa, Puerto Rico",earthquake,0.56,0.34,0.07,7,reviewed,pr,pr
2020-06-11T15:29:50.310Z,38.1022,-118.0385,1.1,0.3,ml,11,183.08,0.037,0.09,nn,nn00747133,2020-06-11T15:39:09.479Z,"32 km S of Mina, Nevada",earthquake,,10.9,,,automatic,nn,nn
2020-06-11T15:27:42.880Z,33.9766667,-116.8666667,18.24,0.76,ml,19,69,0.07613,0.13,ci,ci39474760,2020-06-11T15:31:23.442Z,"6km N of Banning, CA",earthquake,0.36,0.95,0.233,20,automatic,ci,ci
2020-06-11T15:24:25.280Z,33.5976667,-116.8041667,6.43,0.37,ml,22,74,0.03368,0.22,ci,ci39474744,2020-06-11T18:47:36.785Z,"13km WNW of Anza, CA",earthquake,0.41,0.73,0.177,9,reviewed,ci,ci
2020-06-11T15:23:42.450Z,35.8051667,-117.6115,6.41,0.47,ml,12,97,0.01551,0.16,ci,ci37447229,2020-06-11T23:09:41.084Z,"19km WNW of Searles Valley, CA",earthquake,0.33,0.53,0.045,3,reviewed,ci,ci
2020-06-11T15:23:13.940Z,35.59,-117.6251667,10.07,0.74,ml,28,82,0.0412,0.16,ci,ci39474736,2020-06-11T23:06:14.067Z,"6km SE of Ridgecrest, CA",earthquake,0.21,0.43,0.249,11,reviewed,ci,ci
2020-06-11T15:22:18.220Z,35.8296667,-117.6508333,7.17,0.16,ml,11,78,0.04551,0.19,ci,ci39474752,2020-06-11T21:16:51.583Z,"23km WNW of Searles Valley, CA",earthquake,0.36,0.64,0.138,3,reviewed,ci,ci
2020-06-11T15:18:23.100Z,52.07,-176.1271667,1.51,0.05,ml,4,201,0.01946,0.1,av,av70900794,2020-06-11T23:55:42.160Z,"41 km ENE of Adak, Alaska",earthquake,0.54,1.11,0.184,4,reviewed,av,av
2020-06-11T15:17:22.740Z,52.0676667,-176.1198333,0.26,0.19,ml,4,181,0.02105,0.07,av,av70900784,2020-06-11T23:48:37.950Z,"41 km ENE of Adak, Alaska",earthquake,0.52,0.39,0.22,4,reviewed,av,av
2020-06-11T15:17:16.240Z,52.0696667,-176.1143333,-0.16,-0.33,ml,4,180,0.02497,0.1,av,av70900789,2020-06-11T23:50:09.260Z,"41 km ENE of Adak, Alaska",earthquake,0.81,0.38,0.171,4,reviewed,av,av
2020-06-11T15:16:20.940Z,19.2124996,-155.4219971,31.89,1.89,md,31,145,0.03398,0.14,hv,hv71551847,2020-06-11T15:19:55.680Z,"6 km E of P?hala, Hawaii",earthquake,0.55,0.92,0.09,6,automatic,hv,hv
2020-06-11T15:14:32.020Z,17.9251,-66.9395,6,3.17,md,17,225,0.0783,0.14,pr,pr2020163027,2020-06-11T23:59:39.125Z,"6 km SSW of Guánica, Puerto Rico",earthquake,0.59,0.31,0.14,9,reviewed,pr,pr
2020-06-11T15:06:03.205Z,69.1455,-147.7571,0,1.7,ml,,,,0.81,ak,ak0207htkd4k,2020-06-11T15:12:23.032Z,"125 km S of Prudhoe Bay, Alaska",earthquake,,0.3,,,automatic,ak,ak
2020-06-11T15:03:23.640Z,38.136,-117.9985,0.2,0.8,ml,12,141.98,0.027,0.04,nn,nn00747129,2020-06-11T15:12:09.491Z,"29 km SSE of Mina, Nevada",earthquake,,0.5,,,automatic,nn,nn
2020-06-11T15:02:43.786Z,59.7247,-153.0038,101.8,1.5,ml,,,,0.17,ak,ak0207htjldm,2020-06-11T15:09:00.661Z,"62 km E of Pedro Bay, Alaska",earthquake,,1.5,,,automatic,ak,ak
2020-06-11T14:58:54.110Z,35.5611667,-117.3948333,2.7,0.26,ml,5,176,0.04378,0.05,ci,ci37447205,2020-06-11T20:54:40.025Z,"23km S of Trona, CA",earthquake,0.39,0.21,0.036,1,reviewed,ci,ci
2020-06-11T14:58:51.830Z,68.4607,-148.1967,17.5,1.1,ml,,,,1.02,ak,ak0207hta6hr,2020-06-11T15:02:08.505Z,"115 km WNW of Arctic Village, Alaska",earthquake,,0.4,,,automatic,ak,ak
2020-06-11T14:58:35.140Z,35.6048333,-117.4148333,10.66,0.39,ml,11,127,0.04272,0.16,ci,ci39474712,2020-06-11T20:49:07.652Z,"18km S of Trona, CA",earthquake,0.45,0.65,0.154,4,reviewed,ci,ci
2020-06-11T14:57:03.400Z,19.4386673,-155.4793396,8.61,1.92,ml,40,55,0.04462,0.14,hv,hv71551822,2020-06-11T15:02:51.990Z,"25 km W of Volcano, Hawaii",earthquake,0.36,0.57,4.48,4,automatic,hv,hv
2020-06-11T14:51:01.870Z,38.1778,-117.797,11.4,1.3,ml,16,62.8,0.053,0.1,nn,nn00747127,2020-06-11T15:05:12.790Z,"36 km SE of Mina, Nevada",earthquake,,1,,,automatic,nn,nn
2020-06-11T14:49:09.400Z,35.8511658,-120.4055023,2.99,1.65,md,11,194,0.03058,0.04,nc,nc73407146,2020-06-11T16:49:04.084Z,"6km SSE of Parkfield, CA",earthquake,0.9,1.54,,1,automatic,nc,nc
2020-06-11T14:48:49.430Z,38.8409996,-122.8225021,1.26,0.57,md,13,80,0.01042,0.02,nc,nc73407141,2020-06-11T16:21:04.892Z,"9km WNW of Cobb, CA",earthquake,0.26,0.64,,1,automatic,nc,nc
2020-06-11T14:41:47.530Z,17.9351,-66.8023,9,2.98,md,15,192,0.0867,0.17,pr,pr2020163026,2020-06-11T15:41:43.480Z,"6 km SSE of Indios, Puerto Rico",earthquake,0.45,0.51,0.19,9,reviewed,pr,pr
2020-06-11T14:25:05.757Z,60.6659,-151.0686,35.4,2.1,ml,,,,0.54,ak,ak0207ht30aa,2020-06-11T14:31:21.955Z,"12 km ESE of Nikiski, Alaska",earthquake,,5.6,,,automatic,ak,ak
2020-06-11T14:22:57.760Z,35.825,-117.64,9.33,0.79,ml,8,89,0.03575,0.11,ci,ci39474672,2020-06-11T18:49:38.435Z,"22km WNW of Searles Valley, CA",earthquake,0.35,0.74,0.205,6,reviewed,ci,ci
2020-06-11T14:22:42.710Z,35.8231667,-117.6285,10.23,0.77,ml,10,112,0.02625,0.12,ci,ci39474664,2020-06-11T18:49:56.566Z,"21km WNW of Searles Valley, CA",earthquake,0.43,0.68,0.141,8,reviewed,ci,ci
2020-06-11T14:21:53.840Z,38.1522,-117.9643,12.1,1.8,ml,24,76.07,0.027,0.1,nn,nn00747120,2020-06-11T14:43:53.564Z,"29 km SSE of Mina, Nevada",earthquake,,0.6,,,automatic,nn,nn
2020-06-11T14:15:55.040Z,58.3351667,-154.7698333,3.12,-0.78,ml,4,221,0.05076,0.18,av,av70900779,2020-06-11T23:41:33.440Z,"87 km NNW of Karluk, Alaska",earthquake,2.78,3.38,0.144,4,reviewed,av,av
2020-06-11T14:05:51.890Z,35.8641667,-117.6463333,13.79,0.85,ml,10,114,0.06252,0.14,ci,ci39474648,2020-06-11T18:52:14.333Z,"24km WNW of Searles Valley, CA",earthquake,0.55,0.84,0.085,6,reviewed,ci,ci
2020-06-11T14:03:42.600Z,38.185,-117.7467,13,1.8,ml,21,99.44,0.116,0.09,nn,nn00747117,2020-06-11T14:22:52.614Z,"39 km SE of Mina, Nevada",earthquake,,1,,,automatic,nn,nn
2020-06-11T14:01:29.290Z,37.6726667,-118.8605,-0.77,0.32,md,10,176,0.03661,0.04,nc,nc73407126,2020-06-11T16:25:05.922Z,"11km ENE of Mammoth Lakes, CA",earthquake,0.31,0.44,0.049,9,reviewed,nc,nc
2020-06-11T14:01:25.010Z,35.8318333,-117.6548333,7.27,0.7,ml,21,56,0.04928,0.13,ci,ci39474632,2020-06-11T22:42:40.780Z,"24km N of Ridgecrest, CA",earthquake,0.19,0.48,0.094,9,reviewed,ci,ci
2020-06-11T13:56:23.350Z,38.1605,-118.007,1.4,1.1,ml,11,139.93,0.033,0.02,nn,nn00747115,2020-06-11T14:04:50.073Z,"27 km SSE of Mina, Nevada",earthquake,,0.6,,,automatic,nn,nn
2020-06-11T13:54:24.350Z,38.1833,-117.8732,6.3,0.5,ml,10,111.24,0.014,0.08,nn,nn00747113,2020-06-11T13:58:09.743Z,"30 km SE of Mina, Nevada",earthquake,,7,,,automatic,nn,nn
2020-06-11T13:53:30.770Z,35.8251667,-117.6273333,10.35,0.57,ml,8,107,0.026,0.13,ci,ci39474624,2020-06-11T14:01:48.300Z,"21km WNW of Searles Valley, CA",earthquake,0.53,0.74,0.214,8,reviewed,ci,ci
2020-06-11T13:51:44.670Z,33.5031667,-115.8411667,5.05,1.18,ml,26,86,0.0277,0.23,ci,ci39474600,2020-06-11T13:55:22.830Z,"9km ESE of North Shore, CA",earthquake,0.44,0.58,0.15,22,automatic,ci,ci
2020-06-11T13:51:29.838Z,59.0021,-153.1286,66.6,2.1,ml,,,,0.47,ak,ak0207hsn764,2020-06-11T13:58:13.483Z,"79 km WSW of Nanwalek, Alaska",earthquake,,0.6,,,automatic,ak,ak
2020-06-11T13:49:42.970Z,35.8306667,-117.642,8.92,0.5,ml,15,95,0.0391,0.14,ci,ci39474616,2020-06-11T23:11:30.207Z,"23km WNW of Searles Valley, CA",earthquake,0.27,0.56,0.081,6,reviewed,ci,ci
2020-06-11T13:49:26.700Z,35.8355,-117.6561667,9.88,0.53,ml,19,119,0.09235,0.14,ci,ci37447221,2020-06-11T22:58:24.876Z,"24km N of Ridgecrest, CA",earthquake,0.24,0.63,0.246,6,reviewed,ci,ci
2020-06-11T13:48:38.920Z,35.8325,-117.6545,6.79,0.48,ml,22,56,0.04924,0.17,ci,ci39474608,2020-06-11T22:04:46.541Z,"24km N of Ridgecrest, CA",earthquake,0.22,0.49,0.156,6,reviewed,ci,ci
2020-06-11T13:47:28.492Z,63.0441,-150.5744,111.8,1.4,ml,,,,0.32,ak,ak0207hsmchk,2020-06-11T16:52:09.977Z,"61 km N of Petersville, Alaska",earthquake,,0.8,,,reviewed,ak,ak
2020-06-11T13:46:53.277Z,58.9996,-153.1165,67.9,2.4,ml,,,,0.57,ak,ak0207hsm6et,2020-06-11T13:52:39.548Z,"79 km WSW of Nanwalek, Alaska",earthquake,,0.4,,,automatic,ak,ak
2020-06-11T13:44:38.360Z,38.1418,-118.1188,0.1,0.9,ml,11,132.87,0.059,0.05,nn,nn00747112,2020-06-11T13:56:09.110Z,"27 km S of Mina, Nevada",earthquake,,8.9,,,automatic,nn,nn
2020-06-11T13:44:08.750Z,38.8441658,-122.8253326,1.61,0.57,md,10,90,0.00969,0.01,nc,nc73407121,2020-06-11T14:14:04.056Z,"9km WNW of Cobb, CA",earthquake,0.31,0.73,,1,automatic,nc,nc
2020-06-11T13:43:20.060Z,38.7911682,-122.8068314,3.06,0.91,md,22,101,0.004086,0.03,nc,nc73407116,2020-06-11T14:02:05.989Z,"5km WNW of The Geysers, CA",earthquake,0.26,0.64,0.14,3,automatic,nc,nc
2020-06-11T13:43:10.550Z,38.153,-117.9408,12.1,1.1,ml,13,93.77,0.014,0.12,nn,nn00747109,2020-06-11T13:46:30.025Z,"30 km SSE of Mina, Nevada",earthquake,,0.9,,,automatic,nn,nn
2020-06-11T13:36:07.980Z,17.935,-66.5731,6,2.32,md,13,189,0.1128,0.25,pr,pr2020163025,2020-06-11T14:11:43.978Z,"9 km SSW of Capitanejo, Puerto Rico",earthquake,0.54,0.46,0.19,7,reviewed,pr,pr
2020-06-11T13:35:48.478Z,61.4449,-146.7349,29.8,1.2,ml,,,,0.58,ak,ak0207hsjt5j,2020-06-11T13:42:35.407Z,"40 km NNW of Valdez, Alaska",earthquake,,0.2,,,automatic,ak,ak
2020-06-11T13:32:41.780Z,33.2331667,-116.7425,7.93,0.13,ml,21,43,0.01391,0.29,ci,ci39474584,2020-06-11T13:36:29.705Z,"2km ESE of Lake Henshaw, CA",earthquake,0.61,1.26,0.395,3,automatic,ci,ci
2020-06-11T13:32:25.320Z,38.1858,-117.8525,6.8,1.4,ml,16,69.06,0.008,0.15,nn,nn00747106,2020-06-11T13:44:12.271Z,"31 km SE of Mina, Nevada",earthquake,,0.4,,,automatic,nn,nn
2020-06-11T13:29:47.850Z,38.1683,-117.8518,9.6,1.9,ml,27,93.15,0.009,0.1,nn,nn00747102,2020-06-11T13:33:33.377Z,"33 km SE of Mina, Nevada",earthquake,,0.6,,,automatic,nn,nn
2020-06-11T13:28:28.480Z,32.7233333,-115.9381667,8.82,0.72,ml,6,142,0.07253,0.09,ci,ci39474576,2020-06-11T21:48:14.446Z,"5km ESE of Ocotillo, CA",earthquake,0.32,1.03,0.124,2,reviewed,ci,ci
2020-06-11T13:26:25.680Z,38.1663,-117.9577,8.3,0.8,ml,12,109.33,0.004,0.12,nn,nn00747099,2020-06-11T13:30:30.144Z,"28 km SSE of Mina, Nevada",earthquake,,0.8,,,automatic,nn,nn
2020-06-11T13:25:22.724Z,34.5113,-107.1255,8.82,2.8,ml,,77,0.367,0.74,us,us6000a9zp,2020-06-11T13:39:01.040Z,"29 km W of Abeytas, New Mexico",earthquake,2.6,7.5,0.105,12,reviewed,us,us
2020-06-11T13:21:49.200Z,38.1733,-117.8612,6.3,1.1,ml,21,70.11,0.011,0.13,nn,nn00747095,2020-06-11T13:27:31.841Z,"32 km SE of Mina, Nevada",earthquake,,0.4,,,automatic,nn,nn
2020-06-11T13:21:14.620Z,33.2261658,-116.7378311,11.27,1.38,ml,53,21,0.02009,0.19,ci,ci39474552,2020-06-11T13:54:44.963Z,"3km SE of Lake Henshaw, CA",earthquake,0.24,0.64,0.26,11,reviewed,ci,ci
2020-06-11T13:11:51.770Z,38.195,-117.8302,13.2,0.6,ml,12,116.01,0.035,0.02,nn,nn00747092,2020-06-11T13:22:49.638Z,"32 km SE of Mina, Nevada",earthquake,,2.4,,,automatic,nn,nn
2020-06-11T13:08:00.110Z,38.1282,-117.9033,5.7,1.1,ml,12,76,0.022,0.13,nn,nn00747089,2020-06-11T13:13:29.959Z,"34 km SSE of Mina, Nevada",earthquake,,0.8,,,automatic,nn,nn
2020-06-11T13:05:59.530Z,38.1697,-117.829,10.8,1.5,ml,18,73.28,0.015,0.1,nn,nn00747085,2020-06-11T13:09:32.367Z,"34 km SE of Mina, Nevada",earthquake,,0.7,,,automatic,nn,nn
2020-06-11T13:00:18.799Z,63.3009,-151.9937,7.6,1,ml,,,,0.67,ak,ak0207hsc8t3,2020-06-11T13:03:36.923Z,"29 km SSW of Denali National Park, Alaska",earthquake,,0.3,,,automatic,ak,ak
2020-06-11T12:58:53.370Z,37.5078333,-118.8421667,0.46,0.72,md,18,238,0.0827,0.02,nc,nc73407096,2020-06-11T16:33:06.906Z,"16km WSW of Toms Place, CA",earthquake,0.64,31.61,0.206,17,reviewed,nc,nc
2020-06-11T12:57:32.160Z,38.8121681,-122.8213348,1.72,1.61,md,30,57,0.006958,0.06,nc,nc73407091,2020-06-11T15:10:04.417Z,"7km NW of The Geysers, CA",earthquake,0.21,0.32,0.14,8,automatic,nc,nc
2020-06-11T12:55:13.840Z,37.7508,-117.4182,8,1,ml,9,174.14,0.515,0.12,nn,nn00747081,2020-06-11T12:59:48.457Z,"16 km WNW of Goldfield, Nevada",earthquake,,10.1,,,automatic,nn,nn
2020-06-11T12:52:27.440Z,38.1203,-118.106,11.7,1.1,ml,16,124.73,0.077,0.08,nn,nn00747078,2020-06-11T12:56:51.015Z,"29 km S of Mina, Nevada",earthquake,,2.3,,,automatic,nn,nn
2020-06-11T12:51:00.350Z,38.161,-117.8042,6,1.2,ml,16,90.65,0.054,0.05,nn,nn00747076,2020-06-11T12:54:11.480Z,"36 km SE of Mina, Nevada",earthquake,,0.4,,,automatic,nn,nn
2020-06-11T12:48:19.390Z,35.8105,-117.6266667,7.2,1,ml,14,78,0.02427,0.16,ci,ci39474520,2020-06-11T13:24:50.431Z,"21km WNW of Searles Valley, CA",earthquake,0.32,0.63,0.235,14,reviewed,ci,ci
2020-06-11T12:48:17.210Z,44.2006667,-115.1278333,9.04,2.11,ml,9,81,0.821,0.29,mb,mb80435094,2020-06-11T20:54:52.590Z,"15 km W of Stanley, Idaho",earthquake,0.8,1.87,0.298,7,reviewed,mb,mb
2020-06-11T12:46:43.780Z,38.8390007,-122.8404999,1.8,0.57,md,9,105,0.003936,0.02,nc,nc73407086,2020-06-11T13:15:05.648Z,"10km NW of The Geysers, CA",earthquake,0.42,0.91,,1,automatic,nc,nc
2020-06-11T12:46:40.110Z,36.7192,-116.263,13.6,0.2,ml,12,73.62,0.097,0.13,nn,nn00747075,2020-06-11T12:51:49.757Z,"49 km ESE of Beatty, Nevada",earthquake,,1.8,,,automatic,nn,nn
2020-06-11T12:44:34.870Z,35.6083333,-118.3705,2.63,0.79,ml,17,128,0.08793,0.12,ci,ci39474512,2020-06-11T21:45:08.422Z,"9km E of Lake Isabella, CA",earthquake,0.28,0.4,0.237,6,reviewed,ci,ci
2020-06-11T12:42:42.646Z,38.1626,-117.8959,8,2.6,ml,30,48.12,0.02,0.1241,nn,nn00747072,2020-06-12T02:16:24.142Z,"31 km SE of Mina, Nevada",earthquake,,0.5,0.27,11,reviewed,nn,nn
2020-06-11T12:39:56.630Z,35.8571663,-120.3978348,3.79,1.65,md,21,81,0.02461,0.04,nc,nc73407076,2020-06-11T14:28:03.142Z,"6km SSE of Parkfield, CA",earthquake,0.39,0.66,0.25,12,automatic,nc,nc
2020-06-11T12:38:22.760Z,38.1958,-117.9052,5.9,1.6,ml,23,82.5,0.047,0.11,nn,nn00747068,2020-06-11T12:43:32.391Z,"28 km SE of Mina, Nevada",earthquake,,0.4,,,automatic,nn,nn
2020-06-11T12:37:28.450Z,38.2203,-117.9703,6.4,0.8,ml,11,86.33,0.006,0.01,nn,nn00747066,2020-06-11T12:40:49.851Z,"22 km SSE of Mina, Nevada",earthquake,,0.7,,,automatic,nn,nn
2020-06-11T12:34:28.012Z,61.2881,-149.2641,30.7,1.5,ml,,,,0.53,ak,ak0207hry49d,2020-06-11T12:38:21.821Z,"16 km ESE of Eagle River, Alaska",earthquake,,0.2,,,automatic,ak,ak
2020-06-11T12:31:27.600Z,35.854332,-120.4001694,3.89,2.26,md,28,77,0.04469,0.04,nc,nc73407066,2020-06-11T14:01:02.971Z,"6km SSE of Parkfield, CA",earthquake,0.2,0.45,0.14,18,automatic,nc,nc
2020-06-11T12:30:37.690Z,38.1455,-118.0643,3.2,0.5,ml,10,159.71,0.032,0.04,nn,nn00747065,2020-06-11T12:38:56.308Z,"27 km S of Mina, Nevada",earthquake,,9,,,automatic,nn,nn
2020-06-11T12:29:33.594Z,60.436,-143.5954,16.4,1.3,ml,,,,0.26,ak,ak0207hrx23z,2020-06-11T12:33:10.372Z,"116 km SSW of McCarthy, Alaska",earthquake,,0.4,,,automatic,ak,ak
2020-06-11T12:25:19.010Z,38.1617,-117.9747,3.7,0.8,ml,11,134.07,0.008,0.02,nn,nn00747061,2020-06-11T12:30:49.343Z,"27 km SSE of Mina, Nevada",earthquake,,0.6,,,automatic,nn,nn
2020-06-11T12:22:50.145Z,60.4194,-143.619,0,2.6,ml,,,,0.43,ak,ak0207hrvldv,2020-06-11T16:42:57.270Z,"118 km E of Cordova, Alaska",earthquake,,0.3,,,reviewed,ak,ak
2020-06-11T12:17:17.730Z,36.09333333,-97.86916667,7.12,1.64,ml,80,34,0.1277749262,0.21,ok,ok2020lkxv,2020-06-11T12:29:57.100Z,"3 km ESE of Hennessey, Oklahoma",earthquake,,0.5,0.24,34,reviewed,ok,ok
2020-06-11T12:13:34.150Z,37.509,-118.8926667,6.24,0.52,md,18,209,0.09536,0.06,nc,nc73407056,2020-06-11T16:14:03.840Z,"16km SSE of Mammoth Lakes, CA",earthquake,0.34,1.35,0.154,15,reviewed,nc,nc
2020-06-11T12:09:58.540Z,35.7741667,-117.587,7.92,2.37,ml,28,60,0.04236,0.13,ci,ci39474448,2020-06-11T12:21:14.770Z,"16km W of Searles Valley, CA",earthquake,0.21,0.58,0.172,25,automatic,ci,ci
2020-06-11T12:09:56.819Z,38.1207,-118.0511,4.7,1.4,ml,10,182.62,0.039,0.1393,nn,nn00747059,2020-06-12T02:16:21.043Z,"30 km S of Mina, Nevada",earthquake,,2.2,0.27,2,reviewed,nn,nn
2020-06-11T12:09:15.250Z,35.8978333,-117.6838333,9.95,-0.39,ml,6,93,0.05686,0.17,ci,ci39474456,2020-06-11T22:53:17.845Z,"20km ESE of Little Lake, CA",earthquake,0.63,1.86,0.019,2,reviewed,ci,ci
2020-06-11T12:08:14.090Z,38.2017,-117.9068,2.7,1.1,ml,11,135.16,0.046,0.22,nn,nn00747055,2020-06-11T12:11:29.933Z,"27 km SE of Mina, Nevada",earthquake,,3.5,,,automatic,nn,nn
2020-06-11T12:06:08.338Z,64.6376,-147.6787,6.5,1.6,ml,,,,0.92,ak,ak0207hrs2og,2020-06-11T12:13:24.352Z,"19 km SSW of Badger, Alaska",earthquake,,0.2,,,automatic,ak,ak
2020-06-11T11:56:13.013Z,63.2844,-152.6305,8.6,1.1,ml,,,,0.71,ak,ak0207hrhd91,2020-06-11T12:03:50.870Z,"53 km WSW of Denali National Park, Alaska",earthquake,,0.6,,,automatic,ak,ak
2020-06-11T11:56:07.437Z,38.164,-117.8464,7.9,2.6,ml,28,48.06,0.02,0.1357,nn,nn00747050,2020-06-12T02:16:19.379Z,"34 km SE of Mina, Nevada",earthquake,,0.6,0.28,10,reviewed,nn,nn
2020-06-11T11:53:39.530Z,38.1768,-117.7903,9.9,2.9,ml,32,47.02,0.061,0.1457,nn,nn00747047,2020-06-12T02:16:15.968Z,"36 km SE of Mina, Nevada",earthquake,,0.7,0.35,12,reviewed,nn,nn
2020-06-11T11:48:26.700Z,58.4858333,-154.4416667,3.99,-0.62,ml,4,323,0.05656,0.06,av,av70900774,2020-06-11T23:31:58.960Z,"101 km WNW of Aleneva, Alaska",earthquake,0.84,0.75,0.187,4,reviewed,av,av
2020-06-11T11:43:25.100Z,35.617,-117.4635,9.46,0.64,ml,18,112,0.03045,0.16,ci,ci39474416,2020-06-11T17:29:03.636Z,"18km SSW of Searles Valley, CA",earthquake,0.35,0.69,0.092,5,reviewed,ci,ci
2020-06-11T11:43:02.780Z,33.504,-116.7701667,3.19,0.31,ml,13,112,0.02656,0.14,ci,ci39474408,2020-06-11T13:25:11.861Z,"11km WSW of Anza, CA",earthquake,0.37,0.94,0.126,7,reviewed,ci,ci
2020-06-11T11:31:04.210Z,38.1388,-118.0318,1.5,0.9,ml,13,123.09,0.016,0.21,nn,nn00747043,2020-06-11T11:41:09.365Z,"28 km SSE of Mina, Nevada",earthquake,,17.1,,,automatic,nn,nn
2020-06-11T11:30:00.030Z,38.1492,-118.027,4.9,1.1,ml,19,112.67,0.02,0.12,nn,nn00747041,2020-06-11T11:33:53.631Z,"27 km SSE of Mina, Nevada",earthquake,,0.8,,,automatic,nn,nn
2020-06-11T11:29:44.660Z,54.1513333,-165.9931667,2.42,-0.85,ml,6,98,0.0234,0.16,av,av70900769,2020-06-11T23:19:53.310Z,"14 km W of Akutan, Alaska",earthquake,0.27,0.7,0.185,5,reviewed,av,av
2020-06-11T11:25:42.939Z,36.30266667,-98.18733333,7.69,1.88,ml,69,43,0,0.16,ok,ok2020lkwd,2020-06-11T13:19:46.671Z,"6 km N of Ames, Oklahoma",earthquake,,0.3,0.22,26,reviewed,ok,ok
2020-06-11T11:25:23.330Z,38.157,-118.0362,0,1,ml,16,123.5,0.02,0.22,nn,nn00747037,2020-06-11T11:31:09.844Z,"26 km SSE of Mina, Nevada",earthquake,,7.3,,,automatic,nn,nn
2020-06-11T11:20:33.770Z,18.1531,-66.8528,21,2.75,md,14,74,0.1799,0.3,pr,pr2020163024,2020-06-11T11:49:36.931Z,"13 km N of Yauco, Puerto Rico",earthquake,0.61,1.72,0.11,3,reviewed,pr,pr
2020-06-11T11:17:08.060Z,38.1397,-117.9535,8,1,ml,12,105.04,0.007,0.04,nn,nn00747034,2020-06-11T11:23:49.698Z,"30 km SSE of Mina, Nevada",earthquake,,0.7,,,automatic,nn,nn
2020-06-11T11:14:09.240Z,44.1372,-115.1587,10,2.6,ml,,61,0.787,0.98,us,us6000a9xf,2020-06-11T14:56:41.180Z,"19 km WSW of Stanley, Idaho",earthquake,4,2,0.055,44,reviewed,us,us
2020-06-11T11:11:35.010Z,19.2226658,-155.4185028,31.51,1.93,ml,38,135,0.02473,0.14,hv,hv71551592,2020-06-11T11:17:24.020Z,"6 km ENE of P?hala, Hawaii",earthquake,0.49,0.8,0.26,3,automatic,hv,hv
2020-06-11T11:06:34.850Z,17.8223,-66.8661,6,2.55,md,16,231,0.1534,0.33,pr,pr2020163023,2020-06-11T11:49:21.163Z,"17 km SSE of Guánica, Puerto Rico",earthquake,0.79,0.7,0.08,13,reviewed,pr,pr
2020-06-11T11:05:15.150Z,38.1477,-117.9512,13.6,1.2,ml,18,99.19,0.01,0.1,nn,nn00747030,2020-06-11T11:13:50.140Z,"30 km SSE of Mina, Nevada",earthquake,,0.5,,,automatic,nn,nn
2020-06-11T11:05:11.060Z,33.5163333,-116.4755,14.35,0.18,ml,15,122,0.09606,0.19,ci,ci39474392,2020-06-11T13:25:25.863Z,"19km ESE of Anza, CA",earthquake,0.54,0.91,0.131,5,reviewed,ci,ci
2020-06-11T11:01:44.230Z,38.841835,-122.8243332,1.97,1.16,md,23,70,0.009294,0.03,nc,nc73407021,2020-06-11T13:00:03.534Z,"9km WNW of Cobb, CA",earthquake,0.21,0.45,0.1,4,automatic,nc,nc
2020-06-11T10:59:55.970Z,34.0288333,-118.1933333,10.71,1.18,ml,15,93,0.0644,0.24,ci,ci39474384,2020-06-11T11:03:23.701Z,"2km W of East Los Angeles, CA",earthquake,0.69,1.09,0.317,25,automatic,ci,ci
2020-06-11T10:55:34.190Z,35.5941667,-117.3836667,9.48,0.9,ml,13,164,0.06446,0.17,ci,ci39474376,2020-06-11T10:59:19.297Z,"19km S of Trona, CA",earthquake,0.52,0.81,0.131,11,automatic,ci,ci
2020-06-11T10:55:00.930Z,44.122,-115.082,7.14,2.24,ml,12,80,0.739,0.16,mb,mb80435074,2020-06-11T19:55:13.050Z,"15 km SW of Stanley, Idaho",earthquake,0.39,1.08,0.164,14,reviewed,mb,mb
2020-06-11T10:54:38.340Z,17.9713,-66.8361,14,2.42,md,9,214,0.0433,0.23,pr,pr2020163022,2020-06-11T11:15:06.435Z,"3 km SW of Indios, Puerto Rico",earthquake,1.16,0.72,0.16,3,reviewed,pr,pr
2020-06-11T10:48:56.630Z,38.1587,-117.985,6.1,0.4,ml,11,99.74,0.028,0.04,nn,nn00747027,2020-06-11T10:56:48.821Z,"27 km SSE of Mina, Nevada",earthquake,,0.7,,,automatic,nn,nn
2020-06-11T10:48:34.988Z,10.2844,93.7934,10,4.6,mb,,106,1.708,0.62,us,us6000a9x1,2020-06-11T11:19:38.040Z,"190 km SE of Port Blair, India",earthquake,12.2,1.9,0.107,26,reviewed,us,us
2020-06-11T10:46:53.900Z,38.8048325,-122.7798309,2.36,1.47,md,27,66,0.008441,0.04,nc,nc73407016,2020-06-11T12:33:03.354Z,"4km NNW of The Geysers, CA",earthquake,0.25,0.44,0.12,7,automatic,nc,nc
2020-06-11T10:46:38.520Z,38.1132,-118.097,0.1,0.9,ml,9,192.53,0.064,0.13,nn,nn00747026,2020-06-11T10:50:27.631Z,"30 km S of Mina, Nevada",earthquake,,13.5,,,automatic,nn,nn
2020-06-11T10:43:25.020Z,39.072,-111.4453333,-1.59,0.92,ml,10,67,0.1003,0.11,uu,uu60395307,2020-06-11T17:07:30.980Z,"23 km ESE of Mayfield, Utah",earthquake,0.34,0.45,0.003,2,reviewed,uu,uu
2020-06-11T10:40:37.890Z,38.1648,-117.8858,5.9,0.9,ml,13,112.66,0.018,0.08,nn,nn00747024,2020-06-11T10:48:49.700Z,"31 km SE of Mina, Nevada",earthquake,,0.9,,,automatic,nn,nn
2020-06-11T10:37:56.640Z,37.4203333,-118.6691667,6.58,1.4,md,18,278,0.2118,0.07,nc,nc73407011,2020-06-11T16:04:03.010Z,"6km W of Round Valley, CA",earthquake,0.58,2.65,0.218,15,reviewed,nc,nc
2020-06-11T10:37:20.090Z,38.1867,-117.8293,15.2,0.9,ml,13,100.15,0.028,0.17,nn,nn00747022,2020-06-11T10:41:29.067Z,"33 km SE of Mina, Nevada",earthquake,,9.8,,,automatic,nn,nn
2020-06-11T10:31:35.477Z,38.1525,-117.9602,10.9,2.5,ml,31,47.63,0.013,0.147,nn,nn00747016,2020-06-12T02:16:11.936Z,"29 km SSE of Mina, Nevada",earthquake,,0.6,0.38,12,reviewed,nn,nn
2020-06-11T10:30:38.840Z,38.216,-117.7338,9.8,1.4,ml,14,123.65,0.123,0.04,nn,nn00747015,2020-06-11T10:33:49.467Z,"38 km ESE of Mina, Nevada",earthquake,,1.6,,,automatic,nn,nn
2020-06-11T10:28:15.490Z,38.1965,-117.6037,8.6,1,ml,10,244.41,0.048,0.01,nn,nn00747014,2020-06-11T10:32:08.035Z,"35 km WNW of Tonopah, Nevada",earthquake,,4.9,,,automatic,nn,nn
2020-06-11T10:26:41.580Z,33.1996667,-116.7376667,6.67,0.98,ml,51,25,0.0403,0.17,ci,ci39474360,2020-06-11T21:06:47.710Z,"5km SSE of Lake Henshaw, CA",earthquake,0.15,0.32,0.188,23,reviewed,ci,ci
2020-06-11T10:25:36.770Z,38.1305,-118.0178,0.1,0.5,ml,11,144.16,0.034,0.21,nn,nn00747013,2020-06-11T10:30:28.637Z,"29 km SSE of Mina, Nevada",earthquake,,9.8,,,automatic,nn,nn
2020-06-11T10:24:44.100Z,35.6126667,-118.3635,4.27,0.56,ml,7,162,0.08283,0.04,ci,ci37447213,2020-06-11T20:57:20.862Z,"10km E of Lake Isabella, CA",earthquake,0.35,0.52,0.165,4,reviewed,ci,ci
2020-06-11T10:24:21.000Z,35.8626667,-117.6808333,7.97,1.05,ml,25,44,0.08232,0.12,ci,ci39474352,2020-06-11T20:54:25.827Z,"22km ESE of Little Lake, CA",earthquake,0.15,0.41,0.171,8,reviewed,ci,ci
2020-06-11T10:24:18.310Z,19.1573334,-155.4711609,35.92,2.05,md,33,124,0.00876,0.15,hv,hv71551557,2020-06-11T10:27:47.050Z,"5 km S of P?hala, Hawaii",earthquake,0.66,1.09,0.02,5,automatic,hv,hv
2020-06-11T10:21:34.700Z,52.0571667,-176.0166667,2.61,0.58,ml,5,179,0.02981,0.2,av,av70900764,2020-06-11T23:16:21.300Z,"47 km ENE of Adak, Alaska",earthquake,0.63,1.46,0.176,5,reviewed,av,av
2020-06-11T10:17:12.840Z,52.0183333,178.3875,3.7,0.8,ml,4,346,0.09278,0.04,av,av70900749,2020-06-12T00:01:17.190Z,"342 km W of Adak, Alaska",earthquake,1.61,2.73,0.298,4,reviewed,av,av
2020-06-11T10:14:59.240Z,33.0358333,-116.4165,9.27,0.43,ml,31,89,0.04519,0.17,ci,ci39474344,2020-06-11T20:46:18.631Z,"18km ESE of Julian, CA",earthquake,0.22,0.53,0.193,4,reviewed,ci,ci
2020-06-11T10:14:43.030Z,35.6126667,-117.4285,10.17,0.79,ml,19,94,0.03789,0.18,ci,ci39474336,2020-06-11T20:37:47.921Z,"17km S of Searles Valley, CA",earthquake,0.34,0.47,0.135,5,reviewed,ci,ci
2020-06-11T10:09:00.240Z,36.1478333,-117.9866667,4.71,0.56,ml,25,82,0.1109,0.16,ci,ci39474328,2020-06-11T20:29:14.868Z,"12km NNW of Coso Junction, CA",earthquake,0.25,1.68,0.102,3,reviewed,ci,ci
2020-06-11T10:06:47.410Z,38.1858,-117.8202,0,1.1,ml,15,115.37,0.033,0.19,nn,nn00747009,2020-06-11T10:20:29.641Z,"33 km SE of Mina, Nevada",earthquake,,7.4,,,automatic,nn,nn
2020-06-11T10:02:39.580Z,35.9091667,-117.7443333,8.3,0.72,ml,13,71,0.0718,0.11,ci,ci39474320,2020-06-11T13:27:41.875Z,"15km ESE of Little Lake, CA",earthquake,0.23,0.81,0.19,7,reviewed,ci,ci
2020-06-11T10:02:27.050Z,33.675,-116.759,14.17,0.85,ml,26,56,0.05195,0.14,ci,ci39474312,2020-06-11T13:27:42.876Z,"8km SSW of Idyllwild, CA",earthquake,0.26,0.43,0.179,23,reviewed,ci,ci
2020-06-11T10:00:26.900Z,38.1387,-118.0375,0,0.9,ml,10,109.43,0.053,0.15,nn,nn00747008,2020-06-11T10:08:08.965Z,"28 km SSE of Mina, Nevada",earthquake,,5.3,,,automatic,nn,nn
2020-06-11T09:56:18.030Z,17.925,-66.573,5,2.55,md,16,192,0.1224,0.28,pr,pr2020163021,2020-06-11T10:35:14.748Z,"10 km SSW of Capitanejo, Puerto Rico",earthquake,0.61,0.55,0.22,9,reviewed,pr,pr
2020-06-11T09:51:38.230Z,35.8358333,-117.6728333,10.51,0.66,ml,22,48,0.06441,0.17,ci,ci39474304,2020-06-11T20:21:37.817Z,"24km ESE of Little Lake, CA",earthquake,0.25,0.46,0.225,6,reviewed,ci,ci
2020-06-11T09:50:21.680Z,19.2331657,-155.4143372,31.71,2.22,md,43,133,0.01648,0.12,hv,hv71551522,2020-06-11T09:53:39.910Z,"7 km ENE of P?hala, Hawaii",earthquake,0.59,0.83,0.1,13,automatic,hv,hv
2020-06-11T09:45:46.719Z,38.1665,-117.9685,3.4,2.2,ml,26,58.77,0.029,0.1202,nn,nn00747004,2020-06-12T02:16:07.824Z,"27 km SSE of Mina, Nevada",earthquake,,0.6,0.39,9,reviewed,nn,nn
2020-06-11T09:43:12.196Z,66.3075,-157.4353,0.2,1.1,ml,,,,0.82,ak,ak0207hq7po3,2020-06-11T09:53:45.479Z,"66 km SSW of Shungnak, Alaska",earthquake,,0.5,,,automatic,ak,ak
2020-06-11T09:40:42.257Z,61.3971,-150.0852,33,1.5,ml,,,,0.5,ak,ak0207hq74ud,2020-06-11T09:47:52.742Z,"7 km NW of Point MacKenzie, Alaska",earthquake,,0.1,,,automatic,ak,ak
2020-06-11T09:39:42.525Z,10.827,-65.5658,10,4.4,mb,,46,4.048,0.79,us,us6000a9uk,2020-06-12T01:06:37.356Z,"113 km ENE of Guatire, Venezuela",earthquake,7.5,1.9,0.143,14,reviewed,us,us
2020-06-11T09:39:28.447Z,63.1033,-151.5169,0,1.8,ml,,,,1.08,ak,ak0207hq6w2s,2020-06-11T09:49:34.115Z,"49 km SSE of Denali National Park, Alaska",earthquake,,0.3,,,automatic,ak,ak
2020-06-11T09:36:37.676Z,64.6254,-147.6811,9.5,0.2,ml,,,,0.6,ak,ak0207hq67mf,2020-06-11T16:31:03.573Z,"20 km SSW of Badger, Alaska",earthquake,,0.4,,,reviewed,ak,ak
2020-06-11T09:29:23.430Z,37.295,-115.6003,0,0.9,ml,9,136.07,0.368,0.37,nn,nn00747000,2020-06-11T09:44:48.211Z,"39 km WSW of Alamo, Nevada",earthquake,,21,,,automatic,nn,nn
2020-06-11T09:26:53.020Z,35.8436667,-117.6575,10.23,0.82,ml,13,93,0.05615,0.14,ci,ci39474296,2020-06-11T13:28:17.878Z,"24km WNW of Searles Valley, CA",earthquake,0.41,0.57,0.243,10,reviewed,ci,ci
2020-06-11T09:26:19.830Z,38.8203316,-122.8421631,2.11,0.74,md,19,82,0.006227,0.02,nc,nc73406991,2020-06-11T09:50:18.317Z,"9km WNW of The Geysers, CA",earthquake,0.22,0.55,0.16,2,automatic,nc,nc
2020-06-11T09:25:29.420Z,18.9171,-67.6988,2,3.44,md,9,234,0.5762,0.44,pr,pr2020163020,2020-06-11T10:11:35.252Z,"78 km NW of San Antonio, Puerto Rico",earthquake,2,2.94,0.03,5,reviewed,pr,pr
2020-06-11T09:23:32.250Z,38.7841682,-122.7573318,2.15,0.89,md,16,68,0.01495,0.02,nc,nc73406986,2020-06-11T09:39:11.255Z,"1km N of The Geysers, CA",earthquake,0.26,0.59,0.16,4,automatic,nc,nc
2020-06-11T09:23:18.916Z,38.1236,-118.0846,4.7,2.8,ml,30,47.27,0.045,0.1366,nn,nn00746995,2020-06-12T02:16:04.040Z,"29 km S of Mina, Nevada",earthquake,,1.7,0.32,10,reviewed,nn,nn
2020-06-11T09:22:12.820Z,19.1945,-155.4194946,30.11,1.79,md,29,163,0.04756,0.15,hv,hv71551502,2020-06-11T09:25:46.830Z,"6 km E of P?hala, Hawaii",earthquake,0.61,1.14,0.08,4,automatic,hv,hv
2020-06-11T09:21:00.000Z,35.8818333,-117.6871667,9.26,0.77,ml,24,80,0.07237,0.1,ci,ci39474280,2020-06-11T18:58:48.775Z,"21km ESE of Little Lake, CA",earthquake,0.13,0.37,0.163,5,reviewed,ci,ci
2020-06-11T09:20:30.020Z,35.9528333,-117.3365,2.53,0.56,ml,12,205,0.2159,0.17,ci,ci37447197,2020-06-11T19:02:36.376Z,"21km N of Trona, CA",earthquake,0.54,1.27,0.074,5,reviewed,ci,ci
2020-06-11T09:15:45.284Z,63.3183,-151.7908,0,1.6,ml,,,,1.07,ak,ak0207hq1s57,2020-06-11T09:20:34.618Z,"25 km S of Denali National Park, Alaska",earthquake,,0.4,,,automatic,ak,ak
2020-06-11T09:13:40.100Z,38.2098,-117.7828,2.8,1.2,ml,19,52.06,0.056,0.09,nn,nn00746989,2020-06-11T09:19:09.952Z,"34 km SE of Mina, Nevada",earthquake,,1.2,,,automatic,nn,nn
2020-06-11T09:08:03.708Z,-18.7739,-67.4484,276.76,4.2,mb,,84,1.874,0.64,us,us6000a9tw,2020-06-11T10:28:19.040Z,"66 km SW of Poopó, Bolivia",earthquake,9.4,12.2,0.167,10,reviewed,us,us
2020-06-11T09:05:18.180Z,38.1803,-117.7515,2.1,0.8,ml,10,101.14,0.056,0.42,nn,nn00746987,2020-06-11T09:14:28.667Z,"39 km SE of Mina, Nevada",earthquake,,10.4,,,automatic,nn,nn
2020-06-11T08:57:35.890Z,35.3315,-117.8096667,8.28,0.87,ml,28,77,0.07044,0.17,ci,ci39474272,2020-06-11T18:44:48.885Z,"16km WSW of Johannesburg, CA",earthquake,0.26,0.57,0.235,11,reviewed,ci,ci
2020-06-11T08:55:08.940Z,38.1587,-117.963,6.6,1.2,ml,19,93.72,0.017,0.15,nn,nn00746982,2020-06-11T09:02:59.202Z,"28 km SSE of Mina, Nevada",earthquake,,0.5,,,automatic,nn,nn
2020-06-11T08:54:05.380Z,38.1258,-118.0228,9.8,1.9,ml,17,54.37,0.034,0.08,nn,nn00746980,2020-06-11T09:02:51.524Z,"30 km SSE of Mina, Nevada",earthquake,,0.8,,,automatic,nn,nn
2020-06-11T08:52:47.969Z,-20.1695,-177.9624,510.92,4.3,mb,,121,4.476,0.76,us,us6000a9ts,2020-06-11T09:17:02.040Z,"306 km WNW of Haveluloto, Tonga",earthquake,12.2,7.4,0.039,182,reviewed,us,us
2020-06-11T08:52:46.479Z,63.5219,-147.7719,10.3,1.1,ml,,,,0.65,ak,ak0207hpoa5j,2020-06-11T08:56:08.863Z,"60 km ENE of Cantwell, Alaska",earthquake,,0.4,,,automatic,ak,ak
2020-06-11T08:50:08.500Z,35.6588333,-117.409,-0.53,-0.21,ml,5,188,0.08419,0.11,ci,ci39474264,2020-06-11T23:20:33.738Z,"12km SSW of Trona, CA",earthquake,0.39,0.57,0.013,2,reviewed,ci,ci
2020-06-11T08:48:05.627Z,66.3219,-153.2231,5.8,1.2,ml,,,,1.26,ak,ak0207hpnc4y,2020-06-11T08:51:27.533Z,"34 km SW of Alatna, Alaska",earthquake,,0.4,,,automatic,ak,ak
2020-06-11T08:47:36.060Z,38.8364983,-122.8089981,1.92,0.79,md,18,50,0.01311,0.03,nc,nc73406966,2020-06-11T08:58:03.004Z,"8km WNW of Cobb, CA",earthquake,0.22,0.5,0.13,2,automatic,nc,nc
2020-06-11T08:42:55.790Z,52.0493333,-176.0555,8.59,0.01,ml,5,132,0.007449,0.18,av,av70900739,2020-06-11T22:56:41.930Z,"44 km ENE of Adak, Alaska",earthquake,0.82,1.16,0.308,5,reviewed,av,av
2020-06-11T08:38:25.960Z,44.2788333,-115.0263333,8.49,2.58,ml,19,76,0.842,0.2,mb,mb80435059,2020-06-11T14:46:16.830Z,"9 km NW of Stanley, Idaho",earthquake,0.39,1.03,0.15,17,reviewed,mb,mb
2020-06-11T08:37:52.050Z,60.5498333,-152.5303333,11.94,0.15,ml,6,284,0.08837,0.05,av,av70900734,2020-06-11T22:50:08.670Z,"66 km W of Salamatof, Alaska",earthquake,0.59,0.83,0.165,6,reviewed,av,av
2020-06-11T08:36:56.277Z,38.147,-117.9939,7.8,2.7,ml,30,42.6,0.028,0.1392,nn,nn00746974,2020-06-12T02:15:53.403Z,"28 km SSE of Mina, Nevada",earthquake,,0.6,0.43,11,reviewed,nn,nn
2020-06-11T08:32:25.790Z,38.1485,-117.9138,5.6,0.2,ml,12,103.59,0.014,0.04,nn,nn00746973,2020-06-11T08:37:28.293Z,"31 km SSE of Mina, Nevada",earthquake,,0.7,,,automatic,nn,nn
2020-06-11T08:29:38.900Z,38.7678333,-122.4316667,6.98,1.01,md,8,114,0.0399,0.1,nc,nc73406956,2020-06-11T16:54:02.119Z,"12km ESE of Hidden Valley Lake, CA",earthquake,0.53,1.13,0.257,6,reviewed,nc,nc
2020-06-11T08:28:26.310Z,38.1647,-117.7952,6.3,1.8,ml,21,72.31,0.058,0.09,nn,nn00746969,2020-06-11T08:34:31.410Z,"37 km SE of Mina, Nevada",earthquake,,1,,,automatic,nn,nn
2020-06-11T08:27:44.028Z,69.2609,-144.6712,0,1.8,ml,,,,1.2,ak,ak0207hpiwys,2020-06-11T08:36:44.157Z,"105 km SSW of Kaktovik, Alaska",earthquake,,0.7,,,automatic,ak,ak
2020-06-11T08:26:03.080Z,38.1777,-117.7863,5.4,1.6,ml,20,151.67,0.063,0.23,nn,nn00746966,2020-06-11T08:29:29.748Z,"36 km SE of Mina, Nevada",earthquake,,1.7,,,automatic,nn,nn
2020-06-11T08:24:18.660Z,17.9078,-66.8838,14,2.13,md,21,229,0.0675,0.18,pr,pr2020163017,2020-06-11T10:06:57.924Z,"7 km SSE of Guánica, Puerto Rico",earthquake,0.78,0.65,0.35,7,reviewed,pr,pr
2020-06-11T08:22:57.067Z,38.1727,-117.796,4.7,3.3,ml,20,82.74,0.06,0.1305,nn,nn00746961,2020-06-12T02:16:18.697Z,"36 km SE of Mina, Nevada",earthquake,,2.1,0.49,4,reviewed,nn,nn
2020-06-11T08:22:53.440Z,38.1771,-117.7979,5.1,3.3,ml,28,48.47,0.06,0.0825,nn,nn00747151,2020-06-12T02:16:27.812Z,"36 km SE of Mina, Nevada",earthquake,,1.2,0.49,9,reviewed,nn,nn
2020-06-11T08:15:16.700Z,38.1508,-118.0368,1,1.2,ml,13,124.76,0.126,0.05,nn,nn00746958,2020-06-11T08:23:28.479Z,"27 km SSE of Mina, Nevada",earthquake,,7.6,,,automatic,nn,nn
2020-06-11T08:11:28.617Z,59.9958,-152.8293,95.3,1.6,ml,,,,0.22,ak,ak0207hpfgf5,2020-06-11T08:15:58.054Z,"60 km WNW of Anchor Point, Alaska",earthquake,,0.5,,,automatic,ak,ak
2020-06-11T08:09:32.850Z,18.0101,-66.8515,13,2.74,md,14,130,0.0446,0.15,pr,pr2020163018,2020-06-11T09:32:06.708Z,"2 km E of Palomas, Puerto Rico",earthquake,0.65,0.3,0.48,3,reviewed,pr,pr
2020-06-11T08:08:50.620Z,36.017,-117.313,1.67,1.09,ml,15,139,0.1281,0.21,ci,ci37447237,2020-06-11T23:24:21.815Z,"29km NNE of Trona, CA",earthquake,0.39,0.68,0.12,16,reviewed,ci,ci
2020-06-11T08:08:43.480Z,36.0128333,-117.3128333,2.71,0.58,ml,13,112,0.124,0.14,ci,ci39474240,2020-06-12T00:01:47.405Z,"28km NNE of Trona, CA",earthquake,0.33,1.1,0.15,5,reviewed,ci,ci
2020-06-11T08:08:04.000Z,38.1847,-118.075,1.5,0.9,ml,11,134.49,0.101,0.06,nn,nn00746956,2020-06-11T08:16:07.900Z,"23 km S of Mina, Nevada",earthquake,,8.5,,,automatic,nn,nn
2020-06-11T07:57:03.910Z,38.1632,-117.8822,9.3,1,ml,16,100.71,0.015,0.09,nn,nn00746953,2020-06-11T08:08:28.733Z,"32 km SE of Mina, Nevada",earthquake,,0.6,,,automatic,nn,nn
2020-06-11T07:57:00.660Z,38.8206673,-122.8454971,1.84,0.89,md,17,89,0.008534,0.02,nc,nc73406926,2020-06-11T08:27:04.774Z,"9km WNW of The Geysers, CA",earthquake,0.23,0.45,0.01,3,automatic,nc,nc
2020-06-11T07:55:03.650Z,38.146,-118.0352,4.6,1.7,ml,24,60.81,0.022,0.14,nn,nn00746949,2020-06-11T07:59:59.094Z,"27 km SSE of Mina, Nevada",earthquake,,0.9,,,automatic,nn,nn
2020-06-11T07:53:49.090Z,38.1652,-117.7392,7.5,1.3,ml,13,122.09,0.119,0.16,nn,nn00746946,2020-06-11T07:57:08.959Z,"40 km SE of Mina, Nevada",earthquake,,3,,,automatic,nn,nn
2020-06-11T07:52:51.070Z,38.1778,-117.7268,11.6,1.5,ml,21,93.65,0.047,0.05,nn,nn00746943,2020-06-11T07:56:11.220Z,"40 km SE of Mina, Nevada",earthquake,,1.3,,,automatic,nn,nn
2020-06-11T07:51:25.250Z,38.1743,-117.9425,0,1.1,ml,10,74.5,0.029,0.16,nn,nn00746941,2020-06-11T07:54:48.361Z,"28 km SSE of Mina, Nevada",earthquake,,2.2,,,automatic,nn,nn
2020-06-11T07:50:49.360Z,38.1833,-117.7925,11.2,1.3,ml,13,202.64,0.046,0.05,nn,nn00746939,2020-06-11T07:54:08.741Z,"35 km SE of Mina, Nevada",earthquake,,1,,,automatic,nn,nn
2020-06-11T07:48:21.239Z,36.76333333,-98.07483333,7.44,2.2,ml,59,113,0,0.15,ok,ok2020lkoy,2020-06-11T14:40:58.040Z,"7 km E of Nescatunga, Oklahoma",earthquake,,0.4,0.2,24,reviewed,ok,ok
2020-06-11T07:47:13.590Z,17.9315,-66.5885,7,2.28,md,21,191,0.1127,0.21,pr,pr2020163019,2020-06-11T10:06:20.108Z,"9 km SSE of Ponce, Puerto Rico",earthquake,0.4,0.38,0.29,5,reviewed,pr,pr
2020-06-11T07:46:47.397Z,38.1993,-117.7563,8.4,2.1,ml,28,68.68,0.029,0.1316,nn,nn00746936,2020-06-12T02:15:39.289Z,"37 km SE of Mina, Nevada",earthquake,,0.8,0.48,10,reviewed,nn,nn
2020-06-11T07:41:47.930Z,44.2026667,-115.1123333,9.96,2.69,ml,22,80,0.815,0.26,mb,mb80435024,2020-06-11T14:28:19.800Z,"13 km W of Stanley, Idaho",earthquake,0.93,2.06,0.197,18,reviewed,mb,mb
2020-06-11T07:41:17.810Z,17.9156,-66.5796,4,2.51,md,18,194,0.13,0.2,pr,pr2020163015,2020-06-11T09:27:23.477Z,"11 km SSE of Ponce, Puerto Rico",earthquake,0.35,0.47,0.21,11,reviewed,pr,pr
2020-06-11T07:40:36.720Z,38.8246651,-122.7913361,2.79,0.53,md,18,81,0.01375,0.01,nc,nc73406916,2020-06-11T07:42:10.750Z,"6km W of Cobb, CA",earthquake,0.23,0.5,0.07,3,automatic,nc,nc
2020-06-11T07:39:16.800Z,44.1175,-115.083,8.8,2.46,ml,11,80,0.736,0.26,mb,mb80435014,2020-06-11T20:02:02.180Z,"16 km SW of Stanley, Idaho",earthquake,1,2.35,0.177,12,reviewed,mb,mb
2020-06-11T07:38:03.340Z,38.1403,-117.9485,9.9,1.1,ml,10,88,0.013,0,nn,nn00746934,2020-06-11T07:47:48.492Z,"31 km SSE of Mina, Nevada",earthquake,,1.1,,,automatic,nn,nn
2020-06-11T07:36:30.760Z,17.8541,-66.8771,13,2.93,md,18,252,0.121,0.16,pr,pr2020163016,2020-06-11T09:30:01.844Z,"13 km SSE of Guánica, Puerto Rico",earthquake,0.7,0.42,0.16,16,reviewed,pr,pr
2020-06-11T07:36:22.710Z,38.6990013,-122.810997,4.67,1.32,md,24,228,0.0747,0.04,nc,nc73406906,2020-06-11T10:12:12.440Z,"10km SSW of The Geysers, CA",earthquake,0.58,0.9,0.07,8,automatic,nc,nc
2020-06-11T07:27:38.150Z,33.6041667,-116.6225,15.31,0.68,ml,44,48,0.0229,0.12,ci,ci39474224,2020-06-11T18:31:09.559Z,"7km NE of Anza, CA",earthquake,0.14,0.23,0.138,19,reviewed,ci,ci
2020-06-11T07:25:51.110Z,19.2105007,-155.4103394,32.05,2.17,ml,44,154,0.02947,0.13,hv,hv71551452,2020-06-11T07:31:39.890Z,"7 km E of P?hala, Hawaii",earthquake,0.55,0.69,0.23,3,automatic,hv,hv
2020-06-11T07:25:21.170Z,33.5475,-116.6826667,3.33,-0.11,ml,14,125,0.04753,0.09,ci,ci39474216,2020-06-11T16:22:32.800Z,"1km SW of Anza, CA",earthquake,0.18,0.48,0.126,5,reviewed,ci,ci
2020-06-11T07:19:26.570Z,35.7001667,-117.5341667,11.26,0.86,ml,20,153,0.1158,0.14,ci,ci39474208,2020-06-11T18:07:08.387Z,"14km WSW of Searles Valley, CA",earthquake,0.25,0.37,0.113,5,reviewed,ci,ci
2020-06-11T07:19:25.620Z,36.113,-117.774,7.74,-0.46,ml,6,146,0.06563,0.09,ci,ci37447189,2020-06-11T18:12:42.253Z,"17km ENE of Coso Junction, CA",earthquake,0.54,1.1,0.022,1,reviewed,ci,ci
2020-06-11T07:18:09.820Z,38.0883,-118.1988,8.3,1.4,ml,13,117.56,0.135,0.14,nn,nn00746930,2020-06-11T07:39:36.986Z,"34 km SSW of Mina, Nevada",earthquake,,11.2,,,automatic,nn,nn
2020-06-11T07:18:05.530Z,33.5973333,-116.8068333,5.49,0.21,ml,17,80,0.03585,0.13,ci,ci39474200,2020-06-11T13:44:14.270Z,"13km WNW of Anza, CA",earthquake,0.29,0.65,0.044,7,reviewed,ci,ci
2020-06-11T07:18:01.180Z,54.1226667,-165.981,4.36,-0.51,ml,7,99,0.009951,0.13,av,av70900729,2020-06-11T22:45:36.190Z,"13 km W of Akutan, Alaska",earthquake,0.26,0.54,0.128,7,reviewed,av,av
2020-06-11T07:17:38.110Z,38.1223,-118.2003,0.8,1.2,ml,17,83.01,0.266,0.09,nn,nn00746928,2020-06-11T07:39:29.188Z,"30 km SSW of Mina, Nevada",earthquake,,9.8,,,automatic,nn,nn
2020-06-11T07:16:10.010Z,38.8204994,-122.8433304,2.15,1.86,md,34,81,0.006991,0.04,nc,nc73406891,2020-06-11T08:54:02.968Z,"9km WNW of The Geysers, CA",earthquake,0.2,0.28,0.17,10,automatic,nc,nc
2020-06-11T07:15:56.301Z,31.5748,-104.1906,5,2.9,ml,,55,0.28,0.44,us,us6000a9rn,2020-06-11T14:25:21.040Z,"47 km NW of Toyah, Texas",earthquake,0.8,1.9,0.044,68,reviewed,us,us
2020-06-11T07:15:35.230Z,17.9586,-67.1116,12,2.91,md,18,269,0.0478,0.14,pr,pr2020163014,2020-06-11T09:25:35.920Z,"7 km WSW of La Parguera, Puerto Rico",earthquake,0.58,0.21,0.33,9,reviewed,pr,pr
2020-06-11T07:13:17.341Z,64.6862,-147.6551,12.6,2.2,ml,,,,0.77,ak,ak0207houfcs,2020-06-11T07:20:24.982Z,"13 km SSW of Badger, Alaska",earthquake,,0.2,,,automatic,ak,ak
2020-06-11T07:09:01.880Z,38.1518,-117.8707,10,1.4,ml,16,80.18,0.02,0.12,nn,nn00746925,2020-06-11T07:18:49.916Z,"33 km SE of Mina, Nevada",earthquake,,0.7,,,automatic,nn,nn
2020-06-11T07:07:57.630Z,19.3985,-155.2638333,1.4,1.84,ml,26,40,0.002091,0.09,hv,hv71551432,2020-06-11T22:38:06.730Z,"5 km SSW of Volcano, Hawaii",earthquake,0.15,0.15,0.186,11,reviewed,hv,hv
2020-06-11T06:57:59.530Z,44.2558333,-115.0508333,8.81,2.14,ml,12,77,0.832,0.27,mb,mb80434994,2020-06-11T20:15:57.530Z,"9 km WNW of Stanley, Idaho",earthquake,0.62,1.49,0.181,11,reviewed,mb,mb
2020-06-11T06:56:57.720Z,52.0231667,-176.0698333,5.4,-0.12,ml,5,146,0.02026,0.33,av,av70900724,2020-06-11T22:34:30.660Z,"42 km ENE of Adak, Alaska",earthquake,1.21,1.88,0.439,5,reviewed,av,av
2020-06-11T06:51:26.420Z,17.9173,-66.5803,5,3.39,md,20,194,0.1281,0.35,pr,pr2020163012,2020-06-11T14:16:14.212Z,"11 km SSE of Ponce, Puerto Rico",earthquake,0.49,0.68,0.15,20,reviewed,pr,pr
2020-06-11T06:50:36.090Z,19.786,-155.2643333,34.02,2.17,ml,55,102,0.1808,0.16,hv,hv71551417,2020-06-11T22:27:22.040Z,"17 km WSW of Pepeekeo, Hawaii",earthquake,0.43,0.74,0.205,9,reviewed,hv,hv
2020-06-11T06:49:54.070Z,17.9241,-66.9121,13,2.52,md,18,223,0.0607,0.19,pr,pr2020163011,2020-06-11T08:30:24.597Z,"5 km S of Guánica, Puerto Rico",earthquake,0.77,0.41,0.28,15,reviewed,pr,pr
2020-06-11T06:45:17.160Z,17.9213,-66.5835,6,3.68,md,22,193,0.1236,0.21,pr,pr2020163010,2020-06-11T14:20:03.823Z,"10 km SSE of Ponce, Puerto Rico",earthquake,0.4,0.39,0.06,22,reviewed,pr,pr
2020-06-11T06:44:52.330Z,19.2493324,-155.3881683,29.63,1.86,md,38,139,0.0147,0.13,hv,hv71551402,2020-06-11T06:48:27.870Z,"10 km ENE of P?hala, Hawaii",earthquake,0.62,0.81,0.23,10,automatic,hv,hv
2020-06-11T06:40:15.010Z,38.1847,-117.828,6.9,1.5,ml,18,84.74,0.04,0.16,nn,nn00746918,2020-06-11T06:43:29.814Z,"33 km SE of Mina, Nevada",earthquake,,1.3,,,automatic,nn,nn
2020-06-11T06:37:38.080Z,19.2084999,-155.4584961,34.39,1.96,md,40,113,0.05292,0.12,hv,hv71551397,2020-06-11T06:41:38.950Z,"2 km ENE of P?hala, Hawaii",earthquake,0.59,0.74,0.19,13,automatic,hv,hv
2020-06-11T06:37:23.225Z,59.8725,-151.6077,76.5,1.6,ml,,,,0.65,ak,ak0207hoe5ez,2020-06-11T06:44:17.985Z,"6 km N of Nikolaevsk, Alaska",earthquake,,0.5,,,automatic,ak,ak
2020-06-11T06:31:06.030Z,38.1262,-118.0848,6.5,1.8,ml,20,64.12,0.033,0.16,nn,nn00746915,2020-06-11T06:37:30.571Z,"29 km S of Mina, Nevada",earthquake,,0.9,,,automatic,nn,nn
2020-06-11T06:30:56.325Z,61.53,-146.4626,36.5,1.2,ml,,,,0.45,ak,ak0207hocpy8,2020-06-11T06:34:14.496Z,"44 km N of Valdez, Alaska",earthquake,,1.1,,,automatic,ak,ak
2020-06-11T06:27:02.580Z,33.9613333,-119.1975,10.92,2.68,ml,50,162,0.148,0.24,ci,ci39474184,2020-06-11T18:01:00.899Z,"21km S of Port Hueneme, CA",earthquake,0.46,0.68,0.169,108,reviewed,ci,ci
2020-06-11T06:25:31.510Z,37.5075,-118.8353333,1.71,0.7,md,18,199,0.08253,0.03,nc,nc73406876,2020-06-11T16:44:02.055Z,"15km WSW of Toms Place, CA",earthquake,0.45,1.83,0.248,14,reviewed,nc,nc
2020-06-11T06:25:18.660Z,19.0618,-67.6818,6,3.24,md,17,232,0.707,0.34,pr,pr2020163013,2020-06-11T10:06:41.316Z,"88 km NW of San Antonio, Puerto Rico",earthquake,2.46,1.77,0.16,6,reviewed,pr,pr
2020-06-11T06:23:16.350Z,19.1966667,-155.4640045,34.62,2.16,md,50,103,0.04108,0.13,hv,hv71551382,2020-06-11T06:29:11.840Z,"1 km ESE of P?hala, Hawaii",earthquake,0.51,0.67,0.24,28,automatic,hv,hv
2020-06-11T06:22:14.240Z,19.1946659,-155.4631653,33.02,1.86,md,25,195,0.07527,0.14,hv,hv71551377,2020-06-11T06:25:51.790Z,"1 km ESE of P?hala, Hawaii",earthquake,0.74,1.02,0.09,4,automatic,hv,hv
2020-06-11T06:20:08.930Z,38.142,-117.9608,6.8,1,ml,13,101.28,0.007,0.05,nn,nn00746911,2020-06-11T06:31:48.657Z,"30 km SSE of Mina, Nevada",earthquake,,0.5,,,automatic,nn,nn
2020-06-11T06:16:25.180Z,38.1308,-118.0972,4.8,1.5,ml,20,130.62,0.04,0.09,nn,nn00746908,2020-06-11T06:21:09.765Z,"28 km S of Mina, Nevada",earthquake,,2.1,,,automatic,nn,nn
2020-06-11T06:14:17.660Z,36.41883333,-96.94033333,5.18,0.36,ml,36,75,0.0188962919,0.23,ok,ok2020lklv,2020-06-11T13:46:07.837Z,"14 km NNE of Morrison, Oklahoma",earthquake,,0.5,0.27,10,reviewed,ok,ok
2020-06-11T06:14:13.440Z,38.1458,-117.8533,10.3,1.2,ml,13,82.47,0.017,0.28,nn,nn00746906,2020-06-11T06:17:28.701Z,"35 km SE of Mina, Nevada",earthquake,,1.3,,,automatic,nn,nn
2020-06-11T06:12:16.162Z,44.3031,-115.0397,16.59,2.5,ml,,90,0.867,0.44,us,us6000a9qv,2020-06-11T20:39:26.900Z,"12 km NW of Stanley, Idaho",earthquake,2.4,10.2,0.05,52,reviewed,us,us
2020-06-11T06:06:38.026Z,38.1613,-117.8989,7.9,3.2,ml,30,46.09,0.022,0.1136,nn,nn00746898,2020-06-11T06:57:32.902Z,"31 km SE of Mina, Nevada",earthquake,,0.5,0.21,10,reviewed,nn,nn
2020-06-11T06:06:24.117Z,38.1922,-117.7259,9.8,2.8,ml,22,108.5,0.039,0.1219,nn,nn00746900,2020-06-11T07:09:27.308Z,"40 km ESE of Mina, Nevada",earthquake,,0.8,0.86,6,reviewed,nn,nn
2020-06-11T06:05:55.350Z,38.1195,-118.0045,9.5,0.8,ml,10,152.67,0.043,0.14,nn,nn00746896,2020-06-11T06:09:07.918Z,"31 km SSE of Mina, Nevada",earthquake,,2,,,automatic,nn,nn
2020-06-11T06:04:39.850Z,38.1813,-117.7257,11.8,1.3,ml,16,101.45,0.067,0.03,nn,nn00746894,2020-06-11T06:08:09.437Z,"40 km SE of Mina, Nevada",earthquake,,1.3,,,automatic,nn,nn
2020-06-11T05:55:13.590Z,38.134,-118.0235,2.4,0.8,ml,8,126.5,0.022,0.28,nn,nn00746892,2020-06-11T06:05:27.865Z,"29 km SSE of Mina, Nevada",earthquake,,18.8,,,automatic,nn,nn
2020-06-11T05:46:43.750Z,38.1773,-117.8328,6.6,1,ml,10,133.14,0.032,0.12,nn,nn00746890,2020-06-11T05:50:47.974Z,"33 km SE of Mina, Nevada",earthquake,,1.1,,,automatic,nn,nn
2020-06-11T05:37:23.400Z,38.2065,-117.7873,6.7,1.1,ml,16,84.22,0.046,0.11,nn,nn00746887,2020-06-11T05:48:09.154Z,"34 km SE of Mina, Nevada",earthquake,,0.8,,,automatic,nn,nn
2020-06-11T05:36:10.030Z,17.9876,-66.724,9,2.18,md,19,174,0.1301,0.21,pr,pr2020163009,2020-06-11T06:12:58.326Z,"1 km SW of Tallaboa, Puerto Rico",earthquake,0.48,0.7,0.08,5,reviewed,pr,pr
2020-06-11T05:32:52.205Z,38.1486,-118.0372,2,2.5,ml,28,61.99,0.017,0.172,nn,nn00746883,2020-06-11T22:52:48.817Z,"27 km SSE of Mina, Nevada",earthquake,,0.6,0.44,10,reviewed,nn,nn
2020-06-11T05:26:03.060Z,58.6606,-154.1863,97.1,1.9,ml,,,,0.33,ak,ak0207hnqbdi,2020-06-11T05:32:52.319Z,"93 km SSE of Kokhanok, Alaska",earthquake,,0.7,,,automatic,ak,ak
2020-06-11T05:25:15.540Z,38.2168,-117.7882,4.9,1.8,ml,26,86.82,0.043,0.12,nn,nn00746880,2020-06-11T05:33:30.839Z,"34 km SE of Mina, Nevada",earthquake,,0.8,,,automatic,nn,nn
2020-06-11T05:23:27.640Z,38.1655,-117.8868,11.1,1.7,ml,16,69.78,0.021,0.1,nn,nn00746876,2020-06-11T05:26:48.965Z,"31 km SE of Mina, Nevada",earthquake,,0.6,,,automatic,nn,nn
2020-06-11T05:22:27.940Z,38.1532,-117.9432,12.7,1.2,ml,13,73.92,0.019,0.13,nn,nn00746874,2020-06-11T05:26:08.341Z,"30 km SSE of Mina, Nevada",earthquake,,0.9,,,automatic,nn,nn
2020-06-11T05:18:24.690Z,17.7553,-66.9106,4,1.8,ml,14,260,0.222,0.27,pr,pr2020163008,2020-06-11T05:46:21.894Z,"23 km S of Guánica, Puerto Rico",earthquake,0.9,0.67,0,0,reviewed,pr,pr
2020-06-11T05:10:46.837Z,38.1504,-118.0341,1.8,2.7,ml,29,57.25,0.017,0.1708,nn,nn00746871,2020-06-11T17:56:55.971Z,"27 km SSE of Mina, Nevada",earthquake,,0.5,0.5,10,reviewed,nn,nn
2020-06-11T05:10:19.580Z,17.9519,-66.8903,14,2.03,md,19,206,0.0257,0.16,pr,pr2020163007,2020-06-11T05:35:26.620Z,"2 km SE of Guánica, Puerto Rico",earthquake,0.64,0.51,0.2,6,reviewed,pr,pr
2020-06-11T05:08:20.044Z,58.4105,-152.8549,57.4,1.7,ml,,,,0.55,ak,ak0207hnmi5t,2020-06-11T05:12:46.960Z,"39 km N of Aleneva, Alaska",earthquake,,1.1,,,automatic,ak,ak
2020-06-11T05:05:59.270Z,35.6243333,-117.3936667,13.02,0.91,ml,13,135,0.102,0.19,ci,ci39474152,2020-06-11T13:43:37.649Z,"16km S of Trona, CA",earthquake,0.65,1.42,0.089,10,reviewed,ci,ci
2020-06-11T05:05:54.080Z,38.131,-118.0853,6.7,0.9,ml,15,118.86,0.049,0.12,nn,nn00746868,2020-06-11T05:11:28.422Z,"28 km S of Mina, Nevada",earthquake,,1.7,,,automatic,nn,nn
2020-06-11T05:05:04.710Z,47.8776666666667,-122.103833333333,26.87,1.76,ml,23,55,0.04068,0.11,uw,uw61640251,2020-06-11T19:58:44.490Z,"3 km N of Cathcart, Washington",earthquake,0.3,0.64,0.246887340710572,14,reviewed,uw,uw
2020-06-11T04:59:48.300Z,35.9964981,-120.5536652,1.46,0.92,md,12,85,0.01891,0.04,nc,nc73406846,2020-06-11T05:15:03.551Z,"16km NW of Parkfield, CA",earthquake,0.26,0.53,0.17,4,automatic,nc,nc
2020-06-11T04:54:43.600Z,38.0842,-118.1735,1,1.1,ml,13,71.69,0.145,0.14,nn,nn00746865,2020-06-11T05:07:07.530Z,"34 km S of Mina, Nevada",earthquake,,11.3,,,automatic,nn,nn
2020-06-11T04:47:53.610Z,38.8286667,-122.8031693,1.06,0.56,md,10,105,0.007536,0.02,nc,nc73406841,2020-06-11T05:03:03.473Z,"7km W of Cobb, CA",earthquake,0.3,0.92,,1,automatic,nc,nc
2020-06-11T04:44:28.410Z,38.155,-118.0295,5,1.2,ml,14,108.41,0.016,0.14,nn,nn00746862,2020-06-11T04:56:09.064Z,"27 km SSE of Mina, Nevada",earthquake,,0.9,,,automatic,nn,nn
2020-06-11T04:38:51.020Z,38.1323,-117.897,15.4,1.1,ml,14,158.9,0.042,0.09,nn,nn00746860,2020-06-11T04:45:27.697Z,"34 km SSE of Mina, Nevada",earthquake,,1,,,automatic,nn,nn
2020-06-11T04:36:02.440Z,38.1622,-117.945,11,1.6,ml,23,73.08,0.019,0.1,nn,nn00746856,2020-06-11T04:40:09.839Z,"29 km SSE of Mina, Nevada",earthquake,,0.7,,,automatic,nn,nn
2020-06-11T04:35:07.220Z,17.9745,-66.842,15,2.45,md,20,196,0.0372,0.21,pr,pr2020163006,2020-06-11T10:28:26.155Z,"3 km SW of Indios, Puerto Rico",earthquake,0.68,0.5,0.34,16,reviewed,pr,pr
2020-06-11T04:27:34.050Z,38.1587,-117.9543,7.2,1.3,ml,11,109.13,0.036,0.11,nn,nn00746853,2020-06-11T04:34:07.335Z,"29 km SSE of Mina, Nevada",earthquake,,1.5,,,automatic,nn,nn
2020-06-11T04:24:03.829Z,60.5968,-144.2486,0,1.7,ml,,,,1.15,ak,ak0207hn4ge6,2020-06-11T04:27:57.784Z,"83 km E of Cordova, Alaska",earthquake,,0.2,,,automatic,ak,ak
2020-06-11T04:22:44.790Z,38.7456667,-122.7335,1.35,0.12,md,8,179,0.01114,0.03,nc,nc71112614,2020-06-11T07:56:02.599Z,"4km SSE of The Geysers, CA",earthquake,0.96,0.42,,1,reviewed,nc,nc
2020-06-11T04:21:57.410Z,39.3893333,-123.2713333,4.92,1.15,md,10,77,0.102,0.07,nc,nc73406836,2020-06-11T09:44:02.280Z,"8km ESE of Willits, CA",earthquake,0.34,1.67,0.162,7,reviewed,nc,nc
2020-06-11T04:21:35.880Z,38.1582,-117.9835,6.2,1.3,ml,13,105.04,0.026,0.13,nn,nn00746851,2020-06-11T04:29:35.149Z,"28 km SSE of Mina, Nevada",earthquake,,0.6,,,automatic,nn,nn
2020-06-11T04:20:08.250Z,38.16,-118.0355,3.4,1.3,ml,17,108.55,0.062,0.11,nn,nn00746848,2020-06-11T04:29:27.923Z,"26 km SSE of Mina, Nevada",earthquake,,1.5,,,automatic,nn,nn
2020-06-11T04:18:56.460Z,33.9826667,-116.9306667,6.29,0.96,ml,52,42,0.0667,0.14,ci,ci39473984,2020-06-11T17:36:11.600Z,"7km NE of Beaumont, CA",earthquake,0.12,0.39,0.217,24,reviewed,ci,ci
2020-06-11T04:18:43.100Z,17.8483,-66.8883,12,2.37,md,15,249,0.1271,0.21,pr,pr2020163004,2020-06-11T05:04:23.646Z,"13 km S of Guánica, Puerto Rico",earthquake,0.68,0.55,0.21,15,reviewed,pr,pr
2020-06-11T04:17:23.640Z,35.8298333,-117.6805,9.18,0.52,ml,8,102,0.0689,0.09,ci,ci39473976,2020-06-11T13:44:10.966Z,"23km N of Ridgecrest, CA",earthquake,0.32,0.93,0.099,5,reviewed,ci,ci
2020-06-11T04:16:27.210Z,38.1593,-118.0345,0.1,1.7,ml,11,120.48,0.021,0.17,nn,nn00746845,2020-06-11T12:19:50.580Z,"26 km SSE of Mina, Nevada",earthquake,,6.4,,,automatic,nn,nn
2020-06-11T04:14:31.120Z,17.843,-66.8795,7,2.59,md,23,239,0.1321,0.08,pr,pr2020163005,2020-06-11T21:57:57.040Z,"14 km SSE of Guánica, Puerto Rico",earthquake,0.48,0.35,0.26,11,reviewed,pr,pr
2020-06-11T04:14:12.590Z,35.8353333,-117.6818333,7.81,3.62,ml,64,23,0.07126,0.16,ci,ci39473968,2020-06-11T23:52:50.380Z,"23km ESE of Little Lake, CA",earthquake,0.11,0.34,0.192,268,reviewed,ci,ci
2020-06-11T04:07:56.730Z,35.9916667,-119.9421667,-0.19,1.89,md,35,144,0.2863,0.15,nc,nc73406816,2020-06-11T20:38:02.481Z,"3km SE of Kettleman City, CA",earthquake,1.02,0.38,0.085,17,reviewed,nc,nc
2020-06-11T04:07:53.230Z,38.1472,-117.8118,6.7,1.4,ml,19,93.19,0.062,0.03,nn,nn00746839,2020-06-11T04:15:08.863Z,"37 km SE of Mina, Nevada",earthquake,,0.4,,,automatic,nn,nn
2020-06-11T04:06:49.794Z,58.3567,-153.7681,62.3,1.7,ml,,,,0.36,ak,ak0207hn0p1v,2020-06-11T04:12:14.249Z,"60 km WNW of Aleneva, Alaska",earthquake,,0.6,,,automatic,ak,ak
2020-06-11T03:59:07.070Z,17.9213,-66.8936,10,1.97,md,22,214,0.0557,0.14,pr,pr2020163003,2020-06-11T05:10:22.454Z,"5 km SSE of Guánica, Puerto Rico",earthquake,0.48,0.55,0.1,4,reviewed,pr,pr
2020-06-11T03:57:56.780Z,19.2185,-155.4183333,32.87,3.38,ml,62,138,0.02729,0.12,hv,hv71551252,2020-06-11T21:55:28.040Z,"6 km ENE of P?hala, Hawaii",earthquake,0.4,0.54,0.161,37,reviewed,hv,hv
2020-06-11T03:55:00.249Z,38.1322,-118.0216,8.2,2.1,ml,28,55.21,0.037,0.1341,nn,nn00746833,2020-06-12T01:15:16.196Z,"29 km SSE of Mina, Nevada",earthquake,,0.7,0.39,10,reviewed,nn,nn
2020-06-11T03:54:42.130Z,33.8611667,-116.7888333,13.9,0.41,ml,20,103,0.02841,0.14,ci,ci39473952,2020-06-11T04:21:48.968Z,"6km S of Cabazon, CA",earthquake,0.29,0.6,0.091,8,reviewed,ci,ci
2020-06-11T03:49:28.090Z,39.411,-110.3098333,-1.27,1.68,md,5,198,0.01764,0.06,uu,uu60395247,2020-06-11T14:00:07.550Z,"16 km SSE of Sunnyside, Utah",earthquake,1.16,0.71,0.466,5,reviewed,uu,uu
2020-06-11T03:45:48.290Z,38.2758,-117.8598,14.3,0.9,ml,15,130.84,0.118,0.06,nn,nn00746830,2020-06-11T03:51:27.631Z,"25 km ESE of Mina, Nevada",earthquake,,2.4,,,automatic,nn,nn
2020-06-11T03:45:24.850Z,38.7401657,-122.6956635,-0.77,0.91,md,6,199,0.02811,0.05,nc,nc73406796,2020-06-11T03:55:04.004Z,"4km S of Anderson Springs, CA",earthquake,0.69,2.4,0.2,2,automatic,nc,nc
2020-06-11T03:39:40.786Z,38.1611,-117.9471,5.8,0.9,ml,21,98.14,0.024,0.1316,nn,nn00746826,2020-06-12T00:10:14.486Z,"29 km SSE of Mina, Nevada",earthquake,,0.9,0.43,6,reviewed,nn,nn
2020-06-11T03:39:31.290Z,38.7686653,-122.7113342,1.2,2.68,md,50,65,0.009436,0.07,nc,nc73406791,2020-06-11T10:00:09.511Z,"2km WSW of Anderson Springs, CA",earthquake,0.18,0.3,0.16,32,automatic,nc,nc
2020-06-11T03:35:42.520Z,38.1662,-117.8677,9.3,0.6,ml,13,100.33,0.012,0.04,nn,nn00746824,2020-06-11T03:39:27.398Z,"32 km SE of Mina, Nevada",earthquake,,2.4,,,automatic,nn,nn
2020-06-11T03:30:55.470Z,33.5053333,-116.7721667,2.4,0.14,ml,15,81,0.02457,0.12,ci,ci39473944,2020-06-11T04:27:46.637Z,"11km WSW of Anza, CA",earthquake,0.2,0.18,0.047,4,reviewed,ci,ci
2020-06-11T03:30:30.629Z,66.3051,-156.912,0,1.2,ml,,,,0.97,ak,ak0207hmkd5d,2020-06-11T03:37:16.563Z,"65 km S of Shungnak, Alaska",earthquake,,0.4,,,automatic,ak,ak
2020-06-11T03:29:54.460Z,38.1377,-118.0267,8.6,0.8,ml,14,156.09,0.041,0.08,nn,nn00746821,2020-06-11T03:33:47.488Z,"28 km SSE of Mina, Nevada",earthquake,,1.6,,,automatic,nn,nn
2020-06-11T03:26:59.270Z,37.9261665,-122.2911682,10.4,0.77,md,9,99,0.05896,0.03,nc,nc73406781,2020-06-11T04:10:03.092Z,"2km NNW of Kensington, CA",earthquake,0.43,1.7,0.25,9,automatic,nc,nc
2020-06-11T03:20:18.800Z,38.1502,-118.0068,1.3,0.5,ml,8,177.33,0.052,0.1,nn,nn00746820,2020-06-11T03:27:26.910Z,"28 km SSE of Mina, Nevada",earthquake,,1.6,,,automatic,nn,nn
2020-06-11T03:18:21.920Z,37.5881667,-118.8218333,0.52,1,md,5,299,0.006071,0.01,nc,nc73406776,2020-06-11T07:10:04.314Z,"13km WNW of Toms Place, CA",earthquake,1.41,0.66,0.253,5,reviewed,nc,nc
2020-06-11T03:15:43.600Z,38.8089981,-122.8206635,2.14,0.78,md,18,61,0.006654,0.02,nc,nc73406766,2020-06-11T03:37:02.887Z,"7km WNW of The Geysers, CA",earthquake,0.23,0.53,0.1,3,automatic,nc,nc
2020-06-11T03:13:30.970Z,38.129,-117.9952,9.8,2,ml,18,90.82,0.05,0.09,nn,nn00746816,2020-06-11T03:22:30.284Z,"30 km SSE of Mina, Nevada",earthquake,,0.7,,,automatic,nn,nn
2020-06-11T03:13:04.730Z,33.8621667,-116.7965,13.3,0.72,ml,33,71,0.02851,0.13,ci,ci39473920,2020-06-11T17:11:40.094Z,"6km S of Cabazon, CA",earthquake,0.18,0.42,0.149,14,reviewed,ci,ci
2020-06-11T03:13:03.180Z,19.2141666,-155.4198303,31.94,2.14,ml,40,145,0.03137,0.11,hv,hv71551212,2020-06-11T03:18:44.640Z,"6 km ENE of P?hala, Hawaii",earthquake,0.73,0.88,0.03,3,automatic,hv,hv
2020-06-11T03:12:54.290Z,38.779335,-122.7555008,0.49,0.57,md,6,112,0.01175,0.01,nc,nc73406761,2020-06-11T03:27:03.824Z,"0km NNE of The Geysers, CA",earthquake,0.41,1.21,,1,automatic,nc,nc
2020-06-11T03:11:05.400Z,33.8576667,-116.8023333,13.82,2.76,ml,140,16,0.02437,0.2,ci,ci39473904,2020-06-11T23:25:55.040Z,"7km SSW of Cabazon, CA",earthquake,0.11,0.25,0.147,225,reviewed,ci,ci
2020-06-11T03:10:26.030Z,38.1187,-118.0632,9.5,1.7,ml,24,65.06,0.048,0.1,nn,nn00746812,2020-06-11T03:14:29.525Z,"30 km S of Mina, Nevada",earthquake,,1.3,,,automatic,nn,nn
2020-06-11T03:06:28.360Z,44.7558333,-111.1206667,10.94,0.83,ml,11,70,0.04158,0.16,uu,uu60395242,2020-06-11T13:22:03.410Z,"5 km ESE of Hebgen Lake Estates, Montana",earthquake,0.62,1.29,0.4,2,reviewed,uu,uu
2020-06-11T03:05:36.770Z,19.2101667,-155.4648333,34.98,3.23,ml,62,101,0.04986,0.11,hv,hv71551202,2020-06-11T22:01:39.148Z,"1 km ENE of P?hala, Hawaii",earthquake,0.41,0.48,0.158,36,reviewed,hv,hv
2020-06-11T03:03:26.340Z,38.2058,-117.7608,0,1.1,ml,16,77.09,0.051,0.38,nn,nn00746810,2020-06-11T03:11:08.213Z,"36 km SE of Mina, Nevada",earthquake,,20.9,,,automatic,nn,nn
2020-06-11T03:01:02.820Z,38.1455,-117.884,7.3,0.5,ml,13,101.21,0.018,0.03,nn,nn00746808,2020-06-11T03:04:48.275Z,"33 km SE of Mina, Nevada",earthquake,,2,,,automatic,nn,nn
2020-06-11T02:59:48.350Z,36.1156667,-117.8763333,4.21,0.8,ml,20,90,0.01749,0.13,ci,ci37447165,2020-06-11T17:02:39.035Z,"10km NE of Coso Junction, CA",earthquake,0.24,0.26,0.114,7,reviewed,ci,ci
2020-06-11T02:59:31.200Z,35.624,-117.4208333,12.45,0.79,ml,20,108,0.109,0.15,ci,ci39473896,2020-06-11T16:47:47.946Z,"16km S of Searles Valley, CA",earthquake,0.3,0.88,0.137,4,reviewed,ci,ci
2020-06-11T02:59:14.890Z,35.8831667,-117.6855,8.03,0.03,ml,11,81,0.07061,0.13,ci,ci37447173,2020-06-11T17:06:41.059Z,"21km ESE of Little Lake, CA",earthquake,0.3,0.77,0.075,3,reviewed,ci,ci
2020-06-11T02:59:07.360Z,38.8176651,-122.8216629,1.95,0.8,md,20,50,0.01057,0.04,nc,nc73406751,2020-06-11T03:16:02.947Z,"7km NW of The Geysers, CA",earthquake,0.23,0.45,0.08,3,automatic,nc,nc
2020-06-11T02:55:22.559Z,36.29766667,-98.18416667,7.65,2.35,ml,55,87,0.03869240723,0.18,ok,ok2020lkfh,2020-06-11T12:59:25.117Z,"5 km N of Ames, Oklahoma",earthquake,,0.4,0.24,21,reviewed,ok,ok
2020-06-11T02:54:49.810Z,36.30216667,-98.18666667,7.9,2.53,ml,68,68,0,0.2,ok,ok2020lkfg,2020-06-11T22:57:30.040Z,"6 km N of Ames, Oklahoma",earthquake,,0.4,0.2,24,reviewed,ok,ok
2020-06-11T02:50:37.610Z,38.1727,-117.9623,3,1.5,ml,15,79.22,0.026,0.23,nn,nn00746804,2020-06-11T03:02:48.614Z,"27 km SSE of Mina, Nevada",earthquake,,1,,,automatic,nn,nn
2020-06-11T02:47:49.850Z,68.5276,-148.1576,0,1.7,ml,,,,1.04,ak,ak0207hm2m77,2020-06-11T02:54:36.605Z,"116 km WNW of Arctic Village, Alaska",earthquake,,0.3,,,automatic,ak,ak
2020-06-11T02:45:55.030Z,38.1745,-117.866,6.6,1.9,ml,19,72.34,0.014,0.15,nn,nn00746800,2020-06-11T02:53:37.888Z,"32 km SE of Mina, Nevada",earthquake,,0.4,,,automatic,nn,nn
2020-06-11T02:42:50.440Z,37.6253333,-118.8326667,4.89,0.43,md,7,337,0.02487,0.03,nc,nc73406746,2020-06-11T07:01:06.249Z,"13km E of Mammoth Lakes, CA",earthquake,2.34,0.83,0.062,4,reviewed,nc,nc
2020-06-11T02:38:10.530Z,38.1582,-117.867,9.8,1.3,ml,14,93.41,0.084,0.1,nn,nn00746794,2020-06-11T02:45:08.162Z,"33 km SE of Mina, Nevada",earthquake,,1.1,,,automatic,nn,nn
2020-06-11T02:34:09.160Z,35.6491667,-117.4515,2.61,1.74,ml,28,81,0.1428,0.2,ci,ci39473888,2020-06-11T13:45:18.750Z,"14km SSW of Searles Valley, CA",earthquake,0.34,1.44,0.134,26,reviewed,ci,ci
2020-06-11T02:30:27.580Z,38.146,-118.0288,6.6,0.7,ml,9,146.22,0.054,0.29,nn,nn00746791,2020-06-11T02:35:27.270Z,"28 km SSE of Mina, Nevada",earthquake,,20.1,,,automatic,nn,nn
2020-06-11T02:23:19.560Z,36.955,-121.5858333,3.99,1,md,18,66,0.003048,0.12,nc,nc73406736,2020-06-12T01:09:04.157Z,"6km SSW of Gilroy, CA",earthquake,0.26,0.25,0.199,10,reviewed,nc,nc
2020-06-11T02:20:30.370Z,38.1537,-117.9617,14.3,1.6,ml,22,66.15,0.034,0.09,nn,nn00746787,2020-06-11T02:32:49.785Z,"29 km SSE of Mina, Nevada",earthquake,,0.6,,,automatic,nn,nn
2020-06-11T02:18:48.060Z,38.8226662,-122.7866669,1.19,0.48,md,12,88,0.01523,0.02,nc,nc73406726,2020-06-11T04:01:02.040Z,"6km W of Cobb, CA",earthquake,0.27,0.78,0.31,2,automatic,nc,nc
2020-06-11T02:18:39.460Z,38.8076668,-122.8209991,2.17,0.72,md,20,65,0.006502,0.03,nc,nc73406721,2020-06-11T03:32:02.853Z,"6km WNW of The Geysers, CA",earthquake,0.23,0.45,0.14,4,automatic,nc,nc
2020-06-11T02:17:50.080Z,39.413,-110.3026667,-1.67,1.97,ml,18,118,0.02061,0.11,uu,uu60395227,2020-06-11T13:30:20.100Z,"17 km SSE of Sunnyside, Utah",earthquake,0.41,0.44,0.12,6,reviewed,uu,uu
